Nearest_Atom,material_id_a,adsorbate_type_a,material_id_b,adsorbate_type_b,similarity,delta_G_OCHO,delta_G_COOH
Bi,CONTCAR-26_Sn_52-3_Bi_60,OCHO,CONTCAR-12_Bi_54,COOH,0.16109660077139412,0.6048200000000082,1.16979999999992
Bi,CONTCAR-26_Sn_52-3_Bi_60,OCHO,CONTCAR-14_Bi_56,COOH,0.6766294711103783,0.6048200000000082,1.445629999999962
Bi,CONTCAR-26_Sn_52-3_Bi_60,OCHO,CONTCAR-16_Bi_58,COOH,0.2426417103053096,0.6048200000000082,1.34870999999995
Bi,CONTCAR-26_Sn_52-3_Bi_60,OCHO,CONTCAR-18_Bi_60,COOH,0.9966303619770182,0.6048200000000082,0.7728299999999666
Bi,CONTCAR-26_Sn_52-3_Bi_60,OCHO,CONTCAR-20_Bi_62,COOH,0.5146369553039156,0.6048200000000082,1.264129999999934
Bi,CONTCAR-26_Sn_52-3_Bi_60,OCHO,CONTCAR-21_Bi_63,COOH,0.2801407414208381,0.6048200000000082,0.585539999999948
Bi,CONTCAR-26_Sn_52-3_Bi_60,OCHO,CONTCAR-22_Bi_64,COOH,0.17306032287658588,0.6048200000000082,0.7210899999999714
Bi,CONTCAR-26_Sn_52-3_Bi_60,OCHO,CONTCAR-24_Bi_66,COOH,0.1017757763040219,0.6048200000000082,1.685489999999926
Bi,CONTCAR-30_Bi_56-1_Bi_60,OCHO,CONTCAR-12_Bi_54,COOH,0.13522089014406394,0.3827199999999965,1.16979999999992
Bi,CONTCAR-30_Bi_56-1_Bi_60,OCHO,CONTCAR-14_Bi_56,COOH,0.6978756135329587,0.3827199999999965,1.445629999999962
Bi,CONTCAR-30_Bi_56-1_Bi_60,OCHO,CONTCAR-16_Bi_58,COOH,0.2147143364219098,0.3827199999999965,1.34870999999995
Bi,CONTCAR-30_Bi_56-1_Bi_60,OCHO,CONTCAR-18_Bi_60,COOH,1.0,0.3827199999999965,0.7728299999999666
Bi,CONTCAR-30_Bi_56-1_Bi_60,OCHO,CONTCAR-20_Bi_62,COOH,0.5531516686418886,0.3827199999999965,1.264129999999934
Bi,CONTCAR-30_Bi_56-1_Bi_60,OCHO,CONTCAR-21_Bi_63,COOH,0.2764153599433665,0.3827199999999965,0.585539999999948
Bi,CONTCAR-30_Bi_56-1_Bi_60,OCHO,CONTCAR-22_Bi_64,COOH,0.18421520893939272,0.3827199999999965,0.7210899999999714
Bi,CONTCAR-30_Bi_56-1_Bi_60,OCHO,CONTCAR-24_Bi_66,COOH,0.09885707853078524,0.3827199999999965,1.685489999999926
Co,CONTCAR-13_Co_22-2_Sn_52,OCHO,CONTCAR-15_Co_22,COOH,0.9334300936333372,-0.3868000000000035,-0.9748600000000676
Co,CONTCAR-13_Co_22-2_Sn_52,OCHO,CONTCAR-16_Co_24,COOH,0.9050209958976532,-0.3868000000000035,-0.6928800000000348
Co,CONTCAR-13_Co_22-3_Co_24,OCHO,CONTCAR-15_Co_22,COOH,0.8640356272558355,-0.9097200000000026,-0.9748600000000676
Co,CONTCAR-13_Co_22-3_Co_24,OCHO,CONTCAR-16_Co_24,COOH,0.970598826353902,-0.9097200000000026,-0.6928800000000348
Co,CONTCAR-14_Co_24-2_Sn_52,OCHO,CONTCAR-15_Co_22,COOH,0.8628718837460617,-0.8535900000000066,-0.9748600000000676
Co,CONTCAR-14_Co_24-2_Sn_52,OCHO,CONTCAR-16_Co_24,COOH,0.9717091250154609,-0.8535900000000066,-0.6928800000000348
La,CONTCAR-10_La_11-1_Bi_58,OCHO,CONTCAR-15_Bi_57,COOH,0.13639428718617147,-0.6259900000000113,0.5663299999999611
La,CONTCAR-10_La_11-1_Bi_58,OCHO,CONTCAR-17_Bi_59,COOH,0.684745324845833,-0.6259900000000113,0.2918099999999657
La,CONTCAR-10_La_11-1_Bi_58,OCHO,CONTCAR-1_La_0,COOH,0.3313305564967341,-0.6259900000000113,0.1866199999999725
La,CONTCAR-10_La_11-1_Bi_58,OCHO,CONTCAR-25_Bi_67,COOH,-0.06302971851338775,-0.6259900000000113,0.9011699999999467
La,CONTCAR-10_La_11-1_Bi_58,OCHO,CONTCAR-8_Sn_50,COOH,0.3281346190390259,-0.6259900000000113,0.1571299999999627
La,CONTCAR-10_La_11-2_Ni_38,OCHO,CONTCAR-15_Bi_57,COOH,0.1872435754892022,-1.045820000000002,0.5663299999999611
La,CONTCAR-10_La_11-2_Ni_38,OCHO,CONTCAR-17_Bi_59,COOH,0.8305930392709273,-1.045820000000002,0.2918099999999657
La,CONTCAR-10_La_11-2_Ni_38,OCHO,CONTCAR-1_La_0,COOH,0.42789827268137803,-1.045820000000002,0.1866199999999725
La,CONTCAR-10_La_11-2_Ni_38,OCHO,CONTCAR-25_Bi_67,COOH,0.012088375204251727,-1.045820000000002,0.9011699999999467
La,CONTCAR-10_La_11-2_Ni_38,OCHO,CONTCAR-8_Sn_50,COOH,0.31710768669969575,-1.045820000000002,0.1571299999999627
La,CONTCAR-10_La_11-3_Sn_41,OCHO,CONTCAR-15_Bi_57,COOH,0.08027222920579861,-0.7787500000000119,0.5663299999999611
La,CONTCAR-10_La_11-3_Sn_41,OCHO,CONTCAR-17_Bi_59,COOH,0.7757069010254065,-0.7787500000000119,0.2918099999999657
La,CONTCAR-10_La_11-3_Sn_41,OCHO,CONTCAR-1_La_0,COOH,0.37905000286651924,-0.7787500000000119,0.1866199999999725
La,CONTCAR-10_La_11-3_Sn_41,OCHO,CONTCAR-25_Bi_67,COOH,0.06326073665115717,-0.7787500000000119,0.9011699999999467
La,CONTCAR-10_La_11-3_Sn_41,OCHO,CONTCAR-8_Sn_50,COOH,0.26864851374124793,-0.7787500000000119,0.1571299999999627
La,CONTCAR-10_La_11-4_Sn_48,OCHO,CONTCAR-15_Bi_57,COOH,0.1103633212733636,-1.014639999999996,0.5663299999999611
La,CONTCAR-10_La_11-4_Sn_48,OCHO,CONTCAR-17_Bi_59,COOH,0.6954881754631521,-1.014639999999996,0.2918099999999657
La,CONTCAR-10_La_11-4_Sn_48,OCHO,CONTCAR-1_La_0,COOH,0.28082440761881666,-1.014639999999996,0.1866199999999725
La,CONTCAR-10_La_11-4_Sn_48,OCHO,CONTCAR-25_Bi_67,COOH,-0.05732296501140296,-1.014639999999996,0.9011699999999467
La,CONTCAR-10_La_11-4_Sn_48,OCHO,CONTCAR-8_Sn_50,COOH,0.4370533131628406,-1.014639999999996,0.1571299999999627
La,CONTCAR-10_La_11-5_Bi_64,OCHO,CONTCAR-15_Bi_57,COOH,0.2721326941992722,-0.7514300000000372,0.5663299999999611
La,CONTCAR-10_La_11-5_Bi_64,OCHO,CONTCAR-17_Bi_59,COOH,0.8748584304116168,-0.7514300000000372,0.2918099999999657
La,CONTCAR-10_La_11-5_Bi_64,OCHO,CONTCAR-1_La_0,COOH,0.4243037435810784,-0.7514300000000372,0.1866199999999725
La,CONTCAR-10_La_11-5_Bi_64,OCHO,CONTCAR-25_Bi_67,COOH,0.08374340320084424,-0.7514300000000372,0.9011699999999467
La,CONTCAR-10_La_11-5_Bi_64,OCHO,CONTCAR-8_Sn_50,COOH,0.33509198441590016,-0.7514300000000372,0.1571299999999627
La,CONTCAR-10_La_11-6_Bi_59,OCHO,CONTCAR-15_Bi_57,COOH,0.2954861351992187,-1.049940000000002,0.5663299999999611
La,CONTCAR-10_La_11-6_Bi_59,OCHO,CONTCAR-17_Bi_59,COOH,0.9116874714218933,-1.049940000000002,0.2918099999999657
La,CONTCAR-10_La_11-6_Bi_59,OCHO,CONTCAR-1_La_0,COOH,0.40999824320332934,-1.049940000000002,0.1866199999999725
La,CONTCAR-10_La_11-6_Bi_59,OCHO,CONTCAR-25_Bi_67,COOH,0.0788834441872489,-1.049940000000002,0.9011699999999467
La,CONTCAR-10_La_11-6_Bi_59,OCHO,CONTCAR-8_Sn_50,COOH,0.4294130067762277,-1.049940000000002,0.1571299999999627
La,CONTCAR-10_La_11-7_Sn_44,OCHO,CONTCAR-15_Bi_57,COOH,-0.03630900843321727,-0.6781600000000009,0.5663299999999611
La,CONTCAR-10_La_11-7_Sn_44,OCHO,CONTCAR-17_Bi_59,COOH,0.6767525279314238,-0.6781600000000009,0.2918099999999657
La,CONTCAR-10_La_11-7_Sn_44,OCHO,CONTCAR-1_La_0,COOH,0.2104700005637464,-0.6781600000000009,0.1866199999999725
La,CONTCAR-10_La_11-7_Sn_44,OCHO,CONTCAR-25_Bi_67,COOH,0.023357609620806657,-0.6781600000000009,0.9011699999999467
La,CONTCAR-10_La_11-7_Sn_44,OCHO,CONTCAR-8_Sn_50,COOH,0.4410789632710336,-0.6781600000000009,0.1571299999999627
La,CONTCAR-11_La_12-1_Bi_56,OCHO,CONTCAR-15_Bi_57,COOH,0.4135909937978977,-0.7377799999999962,0.5663299999999611
La,CONTCAR-11_La_12-1_Bi_56,OCHO,CONTCAR-17_Bi_59,COOH,0.5227816069382685,-0.7377799999999962,0.2918099999999657
La,CONTCAR-11_La_12-1_Bi_56,OCHO,CONTCAR-1_La_0,COOH,0.6455061551202448,-0.7377799999999962,0.1866199999999725
La,CONTCAR-11_La_12-1_Bi_56,OCHO,CONTCAR-25_Bi_67,COOH,0.6319471837272053,-0.7377799999999962,0.9011699999999467
La,CONTCAR-11_La_12-1_Bi_56,OCHO,CONTCAR-8_Sn_50,COOH,0.6333593577647808,-0.7377799999999962,0.1571299999999627
La,CONTCAR-11_La_12-2_Bi_61,OCHO,CONTCAR-15_Bi_57,COOH,0.38485700216099816,-1.026200000000027,0.5663299999999611
La,CONTCAR-11_La_12-2_Bi_61,OCHO,CONTCAR-17_Bi_59,COOH,0.4727983484642116,-1.026200000000027,0.2918099999999657
La,CONTCAR-11_La_12-2_Bi_61,OCHO,CONTCAR-1_La_0,COOH,0.5769346023049212,-1.026200000000027,0.1866199999999725
La,CONTCAR-11_La_12-2_Bi_61,OCHO,CONTCAR-25_Bi_67,COOH,0.6180998344426565,-1.026200000000027,0.9011699999999467
La,CONTCAR-11_La_12-2_Bi_61,OCHO,CONTCAR-8_Sn_50,COOH,0.6711646128395162,-1.026200000000027,0.1571299999999627
La,CONTCAR-11_La_12-3_Sn_52,OCHO,CONTCAR-15_Bi_57,COOH,0.3858625534606051,-0.6393000000000012,0.5663299999999611
La,CONTCAR-11_La_12-3_Sn_52,OCHO,CONTCAR-17_Bi_59,COOH,0.6274900265091468,-0.6393000000000012,0.2918099999999657
La,CONTCAR-11_La_12-3_Sn_52,OCHO,CONTCAR-1_La_0,COOH,0.5410987344032128,-0.6393000000000012,0.1866199999999725
La,CONTCAR-11_La_12-3_Sn_52,OCHO,CONTCAR-25_Bi_67,COOH,0.49329683363653326,-0.6393000000000012,0.9011699999999467
La,CONTCAR-11_La_12-3_Sn_52,OCHO,CONTCAR-8_Sn_50,COOH,0.7212828816437519,-0.6393000000000012,0.1571299999999627
La,CONTCAR-11_La_12-4_La_13,OCHO,CONTCAR-15_Bi_57,COOH,0.38323422771628113,-1.44783000000002,0.5663299999999611
La,CONTCAR-11_La_12-4_La_13,OCHO,CONTCAR-17_Bi_59,COOH,0.24931646871361476,-1.44783000000002,0.2918099999999657
La,CONTCAR-11_La_12-4_La_13,OCHO,CONTCAR-1_La_0,COOH,0.5296540703457951,-1.44783000000002,0.1866199999999725
La,CONTCAR-11_La_12-4_La_13,OCHO,CONTCAR-25_Bi_67,COOH,0.7346346402800377,-1.44783000000002,0.9011699999999467
La,CONTCAR-11_La_12-4_La_13,OCHO,CONTCAR-8_Sn_50,COOH,0.2104858563816141,-1.44783000000002,0.1571299999999627
La,CONTCAR-11_La_12-5_Bi_62,OCHO,CONTCAR-15_Bi_57,COOH,0.363355625533795,-1.053470000000014,0.5663299999999611
La,CONTCAR-11_La_12-5_Bi_62,OCHO,CONTCAR-17_Bi_59,COOH,0.5988024316114013,-1.053470000000014,0.2918099999999657
La,CONTCAR-11_La_12-5_Bi_62,OCHO,CONTCAR-1_La_0,COOH,0.5598016054972832,-1.053470000000014,0.1866199999999725
La,CONTCAR-11_La_12-5_Bi_62,OCHO,CONTCAR-25_Bi_67,COOH,0.5595199146713157,-1.053470000000014,0.9011699999999467
La,CONTCAR-11_La_12-5_Bi_62,OCHO,CONTCAR-8_Sn_50,COOH,0.24105182321476978,-1.053470000000014,0.1571299999999627
La,CONTCAR-11_La_12-6_Ni_39,OCHO,CONTCAR-15_Bi_57,COOH,0.41808858103415875,-0.7599700000000195,0.5663299999999611
La,CONTCAR-11_La_12-6_Ni_39,OCHO,CONTCAR-17_Bi_59,COOH,0.4763980997655867,-0.7599700000000195,0.2918099999999657
La,CONTCAR-11_La_12-6_Ni_39,OCHO,CONTCAR-1_La_0,COOH,0.5446632748299854,-0.7599700000000195,0.1866199999999725
La,CONTCAR-11_La_12-6_Ni_39,OCHO,CONTCAR-25_Bi_67,COOH,0.39788798819629256,-0.7599700000000195,0.9011699999999467
La,CONTCAR-11_La_12-6_Ni_39,OCHO,CONTCAR-8_Sn_50,COOH,0.4519525626973975,-0.7599700000000195,0.1571299999999627
La,CONTCAR-11_La_12-7_Bi_55,OCHO,CONTCAR-15_Bi_57,COOH,0.38217931687059503,-1.026670000000034,0.5663299999999611
La,CONTCAR-11_La_12-7_Bi_55,OCHO,CONTCAR-17_Bi_59,COOH,0.4587103224073673,-1.026670000000034,0.2918099999999657
La,CONTCAR-11_La_12-7_Bi_55,OCHO,CONTCAR-1_La_0,COOH,0.6099104590370686,-1.026670000000034,0.1866199999999725
La,CONTCAR-11_La_12-7_Bi_55,OCHO,CONTCAR-25_Bi_67,COOH,0.6393707638257072,-1.026670000000034,0.9011699999999467
La,CONTCAR-11_La_12-7_Bi_55,OCHO,CONTCAR-8_Sn_50,COOH,0.5732893839447857,-1.026670000000034,0.1571299999999627
La,CONTCAR-12_La_13-1_Bi_62,OCHO,CONTCAR-15_Bi_57,COOH,0.33196310501865645,-1.456709999999997,0.5663299999999611
La,CONTCAR-12_La_13-1_Bi_62,OCHO,CONTCAR-17_Bi_59,COOH,0.294616824135356,-1.456709999999997,0.2918099999999657
La,CONTCAR-12_La_13-1_Bi_62,OCHO,CONTCAR-1_La_0,COOH,0.5763385199787994,-1.456709999999997,0.1866199999999725
La,CONTCAR-12_La_13-1_Bi_62,OCHO,CONTCAR-25_Bi_67,COOH,0.752008029093945,-1.456709999999997,0.9011699999999467
La,CONTCAR-12_La_13-1_Bi_62,OCHO,CONTCAR-8_Sn_50,COOH,0.2160626729177758,-1.456709999999997,0.1571299999999627
La,CONTCAR-12_La_13-2_Bi_67,OCHO,CONTCAR-15_Bi_57,COOH,0.45444243729703754,-1.035990000000036,0.5663299999999611
La,CONTCAR-12_La_13-2_Bi_67,OCHO,CONTCAR-17_Bi_59,COOH,-0.05208839258691022,-1.035990000000036,0.2918099999999657
La,CONTCAR-12_La_13-2_Bi_67,OCHO,CONTCAR-1_La_0,COOH,0.5954015752087856,-1.035990000000036,0.1866199999999725
La,CONTCAR-12_La_13-2_Bi_67,OCHO,CONTCAR-25_Bi_67,COOH,0.8790395205324929,-1.035990000000036,0.9011699999999467
La,CONTCAR-12_La_13-2_Bi_67,OCHO,CONTCAR-8_Sn_50,COOH,0.2648686397350793,-1.035990000000036,0.1571299999999627
La,CONTCAR-12_La_13-3_Bi_55,OCHO,CONTCAR-15_Bi_57,COOH,0.5278448727065328,-0.6831200000000405,0.5663299999999611
La,CONTCAR-12_La_13-3_Bi_55,OCHO,CONTCAR-17_Bi_59,COOH,-0.024353768745707684,-0.6831200000000405,0.2918099999999657
La,CONTCAR-12_La_13-3_Bi_55,OCHO,CONTCAR-1_La_0,COOH,0.5486096190783596,-0.6831200000000405,0.1866199999999725
La,CONTCAR-12_La_13-3_Bi_55,OCHO,CONTCAR-25_Bi_67,COOH,0.7524158593865581,-0.6831200000000405,0.9011699999999467
La,CONTCAR-12_La_13-3_Bi_55,OCHO,CONTCAR-8_Sn_50,COOH,0.05584957642230368,-0.6831200000000405,0.1571299999999627
La,CONTCAR-12_La_13-4_Sn_47,OCHO,CONTCAR-15_Bi_57,COOH,0.23437250047496402,-0.7025400000000087,0.5663299999999611
La,CONTCAR-12_La_13-4_Sn_47,OCHO,CONTCAR-17_Bi_59,COOH,-0.02114443602754727,-0.7025400000000087,0.2918099999999657
La,CONTCAR-12_La_13-4_Sn_47,OCHO,CONTCAR-1_La_0,COOH,0.4730463970561343,-0.7025400000000087,0.1866199999999725
La,CONTCAR-12_La_13-4_Sn_47,OCHO,CONTCAR-25_Bi_67,COOH,0.9604957549800001,-0.7025400000000087,0.9011699999999467
La,CONTCAR-12_La_13-4_Sn_47,OCHO,CONTCAR-8_Sn_50,COOH,0.2792182351031787,-0.7025400000000087,0.1571299999999627
La,CONTCAR-12_La_13-5_Bi_64,OCHO,CONTCAR-15_Bi_57,COOH,0.6152155168230751,-0.7660300000000103,0.5663299999999611
La,CONTCAR-12_La_13-5_Bi_64,OCHO,CONTCAR-17_Bi_59,COOH,0.007385358508921847,-0.7660300000000103,0.2918099999999657
La,CONTCAR-12_La_13-5_Bi_64,OCHO,CONTCAR-1_La_0,COOH,0.584364265925998,-0.7660300000000103,0.1866199999999725
La,CONTCAR-12_La_13-5_Bi_64,OCHO,CONTCAR-25_Bi_67,COOH,0.7261552929535807,-0.7660300000000103,0.9011699999999467
La,CONTCAR-12_La_13-5_Bi_64,OCHO,CONTCAR-8_Sn_50,COOH,0.07600517086434277,-0.7660300000000103,0.1571299999999627
La,CONTCAR-13_Co_22-1_Bi_61,OCHO,CONTCAR-15_Bi_57,COOH,0.7667964977139617,-1.262170000000036,0.5663299999999611
La,CONTCAR-13_Co_22-1_Bi_61,OCHO,CONTCAR-17_Bi_59,COOH,0.21274436922370168,-1.262170000000036,0.2918099999999657
La,CONTCAR-13_Co_22-1_Bi_61,OCHO,CONTCAR-1_La_0,COOH,0.7137338879513389,-1.262170000000036,0.1866199999999725
La,CONTCAR-13_Co_22-1_Bi_61,OCHO,CONTCAR-25_Bi_67,COOH,0.39579024644915245,-1.262170000000036,0.9011699999999467
La,CONTCAR-13_Co_22-1_Bi_61,OCHO,CONTCAR-8_Sn_50,COOH,0.6160810416629229,-1.262170000000036,0.1571299999999627
La,CONTCAR-13_Co_22-5_Bi_54,OCHO,CONTCAR-15_Bi_57,COOH,0.731350727089951,-1.272850000000015,0.5663299999999611
La,CONTCAR-13_Co_22-5_Bi_54,OCHO,CONTCAR-17_Bi_59,COOH,-0.06117674912440828,-1.272850000000015,0.2918099999999657
La,CONTCAR-13_Co_22-5_Bi_54,OCHO,CONTCAR-1_La_0,COOH,0.7104397836676949,-1.272850000000015,0.1866199999999725
La,CONTCAR-13_Co_22-5_Bi_54,OCHO,CONTCAR-25_Bi_67,COOH,0.5199022277223447,-1.272850000000015,0.9011699999999467
La,CONTCAR-13_Co_22-5_Bi_54,OCHO,CONTCAR-8_Sn_50,COOH,0.43271272402939553,-1.272850000000015,0.1571299999999627
La,CONTCAR-14_Co_24-3_Bi_60,OCHO,CONTCAR-15_Bi_57,COOH,0.6010217178307373,-1.185209999999993,0.5663299999999611
La,CONTCAR-14_Co_24-3_Bi_60,OCHO,CONTCAR-17_Bi_59,COOH,0.3947361881233975,-1.185209999999993,0.2918099999999657
La,CONTCAR-14_Co_24-3_Bi_60,OCHO,CONTCAR-1_La_0,COOH,0.7197995294006736,-1.185209999999993,0.1866199999999725
La,CONTCAR-14_Co_24-3_Bi_60,OCHO,CONTCAR-25_Bi_67,COOH,0.3467438845589882,-1.185209999999993,0.9011699999999467
La,CONTCAR-14_Co_24-3_Bi_60,OCHO,CONTCAR-8_Sn_50,COOH,0.7236905685835098,-1.185209999999993,0.1571299999999627
La,CONTCAR-14_Co_24-4_Bi_54,OCHO,CONTCAR-15_Bi_57,COOH,0.6010217178307373,-1.180350000000042,0.5663299999999611
La,CONTCAR-14_Co_24-4_Bi_54,OCHO,CONTCAR-17_Bi_59,COOH,0.3947361881233975,-1.180350000000042,0.2918099999999657
La,CONTCAR-14_Co_24-4_Bi_54,OCHO,CONTCAR-1_La_0,COOH,0.7197995294006736,-1.180350000000042,0.1866199999999725
La,CONTCAR-14_Co_24-4_Bi_54,OCHO,CONTCAR-25_Bi_67,COOH,0.3467438845589882,-1.180350000000042,0.9011699999999467
La,CONTCAR-14_Co_24-4_Bi_54,OCHO,CONTCAR-8_Sn_50,COOH,0.7236905685835098,-1.180350000000042,0.1571299999999627
La,CONTCAR-15_Ni_38-1_Bi_56,OCHO,CONTCAR-15_Bi_57,COOH,0.22616699035336177,-0.5039699999999908,0.5663299999999611
La,CONTCAR-15_Ni_38-1_Bi_56,OCHO,CONTCAR-17_Bi_59,COOH,0.8394984210635148,-0.5039699999999908,0.2918099999999657
La,CONTCAR-15_Ni_38-1_Bi_56,OCHO,CONTCAR-1_La_0,COOH,0.36001093331529704,-0.5039699999999908,0.1866199999999725
La,CONTCAR-15_Ni_38-1_Bi_56,OCHO,CONTCAR-25_Bi_67,COOH,0.165087364137595,-0.5039699999999908,0.9011699999999467
La,CONTCAR-15_Ni_38-1_Bi_56,OCHO,CONTCAR-8_Sn_50,COOH,0.2868935448790397,-0.5039699999999908,0.1571299999999627
La,CONTCAR-15_Ni_38-2_Bi_55,OCHO,CONTCAR-15_Bi_57,COOH,0.22616699035336177,-0.4808600000000166,0.5663299999999611
La,CONTCAR-15_Ni_38-2_Bi_55,OCHO,CONTCAR-17_Bi_59,COOH,0.8394984210635148,-0.4808600000000166,0.2918099999999657
La,CONTCAR-15_Ni_38-2_Bi_55,OCHO,CONTCAR-1_La_0,COOH,0.36001093331529704,-0.4808600000000166,0.1866199999999725
La,CONTCAR-15_Ni_38-2_Bi_55,OCHO,CONTCAR-25_Bi_67,COOH,0.165087364137595,-0.4808600000000166,0.9011699999999467
La,CONTCAR-15_Ni_38-2_Bi_55,OCHO,CONTCAR-8_Sn_50,COOH,0.2868935448790397,-0.4808600000000166,0.1571299999999627
La,CONTCAR-15_Ni_38-3_Sn_41,OCHO,CONTCAR-15_Bi_57,COOH,-0.05768593523980908,-0.7027900000000028,0.5663299999999611
La,CONTCAR-15_Ni_38-3_Sn_41,OCHO,CONTCAR-17_Bi_59,COOH,0.7779513587850522,-0.7027900000000028,0.2918099999999657
La,CONTCAR-15_Ni_38-3_Sn_41,OCHO,CONTCAR-1_La_0,COOH,0.26336153675489926,-0.7027900000000028,0.1866199999999725
La,CONTCAR-15_Ni_38-3_Sn_41,OCHO,CONTCAR-25_Bi_67,COOH,0.2858366760195795,-0.7027900000000028,0.9011699999999467
La,CONTCAR-15_Ni_38-3_Sn_41,OCHO,CONTCAR-8_Sn_50,COOH,0.3613026271476245,-0.7027900000000028,0.1571299999999627
La,CONTCAR-15_Ni_38-4_Bi_64,OCHO,CONTCAR-15_Bi_57,COOH,0.2721326941992722,-0.7495000000000215,0.5663299999999611
La,CONTCAR-15_Ni_38-4_Bi_64,OCHO,CONTCAR-17_Bi_59,COOH,0.8748584304116168,-0.7495000000000215,0.2918099999999657
La,CONTCAR-15_Ni_38-4_Bi_64,OCHO,CONTCAR-1_La_0,COOH,0.4243037435810784,-0.7495000000000215,0.1866199999999725
La,CONTCAR-15_Ni_38-4_Bi_64,OCHO,CONTCAR-25_Bi_67,COOH,0.08374340320084424,-0.7495000000000215,0.9011699999999467
La,CONTCAR-15_Ni_38-4_Bi_64,OCHO,CONTCAR-8_Sn_50,COOH,0.33509198441590016,-0.7495000000000215,0.1571299999999627
La,CONTCAR-16_Ni_39-1_Bi_61,OCHO,CONTCAR-15_Bi_57,COOH,0.5383506357129,-1.743630000000006,0.5663299999999611
La,CONTCAR-16_Ni_39-1_Bi_61,OCHO,CONTCAR-17_Bi_59,COOH,0.3287070828264934,-1.743630000000006,0.2918099999999657
La,CONTCAR-16_Ni_39-1_Bi_61,OCHO,CONTCAR-1_La_0,COOH,0.6540635009797497,-1.743630000000006,0.1866199999999725
La,CONTCAR-16_Ni_39-1_Bi_61,OCHO,CONTCAR-25_Bi_67,COOH,0.5461795572482843,-1.743630000000006,0.9011699999999467
La,CONTCAR-16_Ni_39-1_Bi_61,OCHO,CONTCAR-8_Sn_50,COOH,0.5413191397061259,-1.743630000000006,0.1571299999999627
La,CONTCAR-16_Ni_39-2_Bi_62,OCHO,CONTCAR-15_Bi_57,COOH,0.5174320118680011,-1.814480000000013,0.5663299999999611
La,CONTCAR-16_Ni_39-2_Bi_62,OCHO,CONTCAR-17_Bi_59,COOH,0.3513280573167441,-1.814480000000013,0.2918099999999657
La,CONTCAR-16_Ni_39-2_Bi_62,OCHO,CONTCAR-1_La_0,COOH,0.6830839073049897,-1.814480000000013,0.1866199999999725
La,CONTCAR-16_Ni_39-2_Bi_62,OCHO,CONTCAR-25_Bi_67,COOH,0.5633665098061881,-1.814480000000013,0.9011699999999467
La,CONTCAR-16_Ni_39-2_Bi_62,OCHO,CONTCAR-8_Sn_50,COOH,0.5296381780148536,-1.814480000000013,0.1571299999999627
La,CONTCAR-17_Sn_40-1_Bi_58,OCHO,CONTCAR-15_Bi_57,COOH,0.5517459430909594,-0.9101299999999907,0.5663299999999611
La,CONTCAR-17_Sn_40-1_Bi_58,OCHO,CONTCAR-17_Bi_59,COOH,0.40689245987674677,-0.9101299999999907,0.2918099999999657
La,CONTCAR-17_Sn_40-1_Bi_58,OCHO,CONTCAR-1_La_0,COOH,0.6816244561803984,-0.9101299999999907,0.1866199999999725
La,CONTCAR-17_Sn_40-1_Bi_58,OCHO,CONTCAR-25_Bi_67,COOH,0.299537912769311,-0.9101299999999907,0.9011699999999467
La,CONTCAR-17_Sn_40-1_Bi_58,OCHO,CONTCAR-8_Sn_50,COOH,0.39737431361593195,-0.9101299999999907,0.1571299999999627
La,CONTCAR-17_Sn_40-3_Sn_43,OCHO,CONTCAR-15_Bi_57,COOH,0.10757614937940826,-0.7304199999999906,0.5663299999999611
La,CONTCAR-17_Sn_40-3_Sn_43,OCHO,CONTCAR-17_Bi_59,COOH,0.14405935284709095,-0.7304199999999906,0.2918099999999657
La,CONTCAR-17_Sn_40-3_Sn_43,OCHO,CONTCAR-1_La_0,COOH,0.44760458622853966,-0.7304199999999906,0.1866199999999725
La,CONTCAR-17_Sn_40-3_Sn_43,OCHO,CONTCAR-25_Bi_67,COOH,0.1391421038188658,-0.7304199999999906,0.9011699999999467
La,CONTCAR-17_Sn_40-3_Sn_43,OCHO,CONTCAR-8_Sn_50,COOH,0.5051287437379322,-0.7304199999999906,0.1571299999999627
La,CONTCAR-18_Sn_41-3_Bi_58,OCHO,CONTCAR-15_Bi_57,COOH,0.08027222920579861,-0.779790000000001,0.5663299999999611
La,CONTCAR-18_Sn_41-3_Bi_58,OCHO,CONTCAR-17_Bi_59,COOH,0.7757069010254065,-0.779790000000001,0.2918099999999657
La,CONTCAR-18_Sn_41-3_Bi_58,OCHO,CONTCAR-1_La_0,COOH,0.37905000286651924,-0.779790000000001,0.1866199999999725
La,CONTCAR-18_Sn_41-3_Bi_58,OCHO,CONTCAR-25_Bi_67,COOH,0.06326073665115717,-0.779790000000001,0.9011699999999467
La,CONTCAR-18_Sn_41-3_Bi_58,OCHO,CONTCAR-8_Sn_50,COOH,0.26864851374124793,-0.779790000000001,0.1571299999999627
La,CONTCAR-19_Sn_43-1_Bi_54,OCHO,CONTCAR-15_Bi_57,COOH,0.723610352877971,-0.5542300000000279,0.5663299999999611
La,CONTCAR-19_Sn_43-1_Bi_54,OCHO,CONTCAR-17_Bi_59,COOH,0.46742850632399396,-0.5542300000000279,0.2918099999999657
La,CONTCAR-19_Sn_43-1_Bi_54,OCHO,CONTCAR-1_La_0,COOH,0.6631508750855639,-0.5542300000000279,0.1866199999999725
La,CONTCAR-19_Sn_43-1_Bi_54,OCHO,CONTCAR-25_Bi_67,COOH,0.29463653645448856,-0.5542300000000279,0.9011699999999467
La,CONTCAR-19_Sn_43-1_Bi_54,OCHO,CONTCAR-8_Sn_50,COOH,0.4130087764130667,-0.5542300000000279,0.1571299999999627
La,CONTCAR-1_La_0-1_Bi_54,OCHO,CONTCAR-15_Bi_57,COOH,0.7376437042331337,-1.196100000000011,0.5663299999999611
La,CONTCAR-1_La_0-1_Bi_54,OCHO,CONTCAR-17_Bi_59,COOH,0.23629520788735572,-1.196100000000011,0.2918099999999657
La,CONTCAR-1_La_0-1_Bi_54,OCHO,CONTCAR-1_La_0,COOH,0.8526878572449585,-1.196100000000011,0.1866199999999725
La,CONTCAR-1_La_0-1_Bi_54,OCHO,CONTCAR-25_Bi_67,COOH,0.4374396290592609,-1.196100000000011,0.9011699999999467
La,CONTCAR-1_La_0-1_Bi_54,OCHO,CONTCAR-8_Sn_50,COOH,0.5360673464170082,-1.196100000000011,0.1571299999999627
La,CONTCAR-1_La_0-2_Bi_63,OCHO,CONTCAR-15_Bi_57,COOH,0.690149888171159,-0.8058100000000178,0.5663299999999611
La,CONTCAR-1_La_0-2_Bi_63,OCHO,CONTCAR-17_Bi_59,COOH,0.24500988843434582,-0.8058100000000178,0.2918099999999657
La,CONTCAR-1_La_0-2_Bi_63,OCHO,CONTCAR-1_La_0,COOH,0.8677538847592503,-0.8058100000000178,0.1866199999999725
La,CONTCAR-1_La_0-2_Bi_63,OCHO,CONTCAR-25_Bi_67,COOH,0.5177048470690884,-0.8058100000000178,0.9011699999999467
La,CONTCAR-1_La_0-2_Bi_63,OCHO,CONTCAR-8_Sn_50,COOH,0.6425530866430793,-0.8058100000000178,0.1571299999999627
La,CONTCAR-1_La_0-3_La_4,OCHO,CONTCAR-15_Bi_57,COOH,0.742943603815777,-1.248890000000027,0.5663299999999611
La,CONTCAR-1_La_0-3_La_4,OCHO,CONTCAR-17_Bi_59,COOH,0.28460055889387714,-1.248890000000027,0.2918099999999657
La,CONTCAR-1_La_0-3_La_4,OCHO,CONTCAR-1_La_0,COOH,0.9260692559146432,-1.248890000000027,0.1866199999999725
La,CONTCAR-1_La_0-3_La_4,OCHO,CONTCAR-25_Bi_67,COOH,0.47091772125891823,-1.248890000000027,0.9011699999999467
La,CONTCAR-1_La_0-3_La_4,OCHO,CONTCAR-8_Sn_50,COOH,0.49141376281409377,-1.248890000000027,0.1571299999999627
La,CONTCAR-1_La_0-4_Sn_45,OCHO,CONTCAR-15_Bi_57,COOH,0.728081465009993,-1.284920000000009,0.5663299999999611
La,CONTCAR-1_La_0-4_Sn_45,OCHO,CONTCAR-17_Bi_59,COOH,0.25973153102556856,-1.284920000000009,0.2918099999999657
La,CONTCAR-1_La_0-4_Sn_45,OCHO,CONTCAR-1_La_0,COOH,0.9126421623147178,-1.284920000000009,0.1866199999999725
La,CONTCAR-1_La_0-4_Sn_45,OCHO,CONTCAR-25_Bi_67,COOH,0.48298076521119815,-1.284920000000009,0.9011699999999467
La,CONTCAR-1_La_0-4_Sn_45,OCHO,CONTCAR-8_Sn_50,COOH,0.5793160603158437,-1.284920000000009,0.1571299999999627
La,CONTCAR-1_La_0-5_Sn_43,OCHO,CONTCAR-15_Bi_57,COOH,0.6557339307710182,-0.3005499999999967,0.5663299999999611
La,CONTCAR-1_La_0-5_Sn_43,OCHO,CONTCAR-17_Bi_59,COOH,0.5344358335041636,-0.3005499999999967,0.2918099999999657
La,CONTCAR-1_La_0-5_Sn_43,OCHO,CONTCAR-1_La_0,COOH,0.7462129930735552,-0.3005499999999967,0.1866199999999725
La,CONTCAR-1_La_0-5_Sn_43,OCHO,CONTCAR-25_Bi_67,COOH,0.27530033109413893,-0.3005499999999967,0.9011699999999467
La,CONTCAR-1_La_0-5_Sn_43,OCHO,CONTCAR-8_Sn_50,COOH,0.5683540392826466,-0.3005499999999967,0.1571299999999627
La,CONTCAR-1_La_0-6_La_6,OCHO,CONTCAR-15_Bi_57,COOH,0.6772188238443548,-0.8617300000000324,0.5663299999999611
La,CONTCAR-1_La_0-6_La_6,OCHO,CONTCAR-17_Bi_59,COOH,0.42514158061819923,-0.8617300000000324,0.2918099999999657
La,CONTCAR-1_La_0-6_La_6,OCHO,CONTCAR-1_La_0,COOH,0.7636178876526628,-0.8617300000000324,0.1866199999999725
La,CONTCAR-1_La_0-6_La_6,OCHO,CONTCAR-25_Bi_67,COOH,0.31448464239829504,-0.8617300000000324,0.9011699999999467
La,CONTCAR-1_La_0-6_La_6,OCHO,CONTCAR-8_Sn_50,COOH,0.6452640488333047,-0.8617300000000324,0.1571299999999627
La,CONTCAR-1_La_0-7_Sn_53,OCHO,CONTCAR-15_Bi_57,COOH,0.5752723129216738,-0.2986599999999936,0.5663299999999611
La,CONTCAR-1_La_0-7_Sn_53,OCHO,CONTCAR-17_Bi_59,COOH,0.6264643455192743,-0.2986599999999936,0.2918099999999657
La,CONTCAR-1_La_0-7_Sn_53,OCHO,CONTCAR-1_La_0,COOH,0.6140976220705101,-0.2986599999999936,0.1866199999999725
La,CONTCAR-1_La_0-7_Sn_53,OCHO,CONTCAR-25_Bi_67,COOH,0.1474597472061676,-0.2986599999999936,0.9011699999999467
La,CONTCAR-1_La_0-7_Sn_53,OCHO,CONTCAR-8_Sn_50,COOH,0.5393051522999662,-0.2986599999999936,0.1571299999999627
La,CONTCAR-20_Sn_44-1_Bi_58,OCHO,CONTCAR-15_Bi_57,COOH,0.1103633212733636,-0.687740000000029,0.5663299999999611
La,CONTCAR-20_Sn_44-1_Bi_58,OCHO,CONTCAR-17_Bi_59,COOH,0.6954881754631521,-0.687740000000029,0.2918099999999657
La,CONTCAR-20_Sn_44-1_Bi_58,OCHO,CONTCAR-1_La_0,COOH,0.28082440761881666,-0.687740000000029,0.1866199999999725
La,CONTCAR-20_Sn_44-1_Bi_58,OCHO,CONTCAR-25_Bi_67,COOH,-0.05732296501140296,-0.687740000000029,0.9011699999999467
La,CONTCAR-20_Sn_44-1_Bi_58,OCHO,CONTCAR-8_Sn_50,COOH,0.4370533131628406,-0.687740000000029,0.1571299999999627
La,CONTCAR-20_Sn_44-2_Sn_48,OCHO,CONTCAR-15_Bi_57,COOH,0.1103633212733636,-1.036470000000018,0.5663299999999611
La,CONTCAR-20_Sn_44-2_Sn_48,OCHO,CONTCAR-17_Bi_59,COOH,0.6954881754631521,-1.036470000000018,0.2918099999999657
La,CONTCAR-20_Sn_44-2_Sn_48,OCHO,CONTCAR-1_La_0,COOH,0.28082440761881666,-1.036470000000018,0.1866199999999725
La,CONTCAR-20_Sn_44-2_Sn_48,OCHO,CONTCAR-25_Bi_67,COOH,-0.05732296501140296,-1.036470000000018,0.9011699999999467
La,CONTCAR-20_Sn_44-2_Sn_48,OCHO,CONTCAR-8_Sn_50,COOH,0.4370533131628406,-1.036470000000018,0.1571299999999627
La,CONTCAR-21_Sn_45-1_Bi_63,OCHO,CONTCAR-15_Bi_57,COOH,0.26970572387904435,-0.8534100000000063,0.5663299999999611
La,CONTCAR-21_Sn_45-1_Bi_63,OCHO,CONTCAR-17_Bi_59,COOH,0.6836716504761553,-0.8534100000000063,0.2918099999999657
La,CONTCAR-21_Sn_45-1_Bi_63,OCHO,CONTCAR-1_La_0,COOH,0.7236895590627721,-0.8534100000000063,0.1866199999999725
La,CONTCAR-21_Sn_45-1_Bi_63,OCHO,CONTCAR-25_Bi_67,COOH,0.39408005745661834,-0.8534100000000063,0.9011699999999467
La,CONTCAR-21_Sn_45-1_Bi_63,OCHO,CONTCAR-8_Sn_50,COOH,0.5698211060249628,-0.8534100000000063,0.1571299999999627
La,CONTCAR-22_Sn_47-1_Bi_67,OCHO,CONTCAR-15_Bi_57,COOH,0.09799921586180087,-2.173200000000018,0.5663299999999611
La,CONTCAR-22_Sn_47-1_Bi_67,OCHO,CONTCAR-17_Bi_59,COOH,0.63211918519021,-2.173200000000018,0.2918099999999657
La,CONTCAR-22_Sn_47-1_Bi_67,OCHO,CONTCAR-1_La_0,COOH,0.3541382840068933,-2.173200000000018,0.1866199999999725
La,CONTCAR-22_Sn_47-1_Bi_67,OCHO,CONTCAR-25_Bi_67,COOH,0.19716268150158228,-2.173200000000018,0.9011699999999467
La,CONTCAR-22_Sn_47-1_Bi_67,OCHO,CONTCAR-8_Sn_50,COOH,0.7672871139647176,-2.173200000000018,0.1571299999999627
La,CONTCAR-23_Sn_48-2_Bi_57,OCHO,CONTCAR-15_Bi_57,COOH,0.8966095596760529,-0.4031600000000236,0.5663299999999611
La,CONTCAR-23_Sn_48-2_Bi_57,OCHO,CONTCAR-17_Bi_59,COOH,0.3999193543072527,-0.4031600000000236,0.2918099999999657
La,CONTCAR-23_Sn_48-2_Bi_57,OCHO,CONTCAR-1_La_0,COOH,0.6019931697054424,-0.4031600000000236,0.1866199999999725
La,CONTCAR-23_Sn_48-2_Bi_57,OCHO,CONTCAR-25_Bi_67,COOH,0.12139963828886749,-0.4031600000000236,0.9011699999999467
La,CONTCAR-23_Sn_48-2_Bi_57,OCHO,CONTCAR-8_Sn_50,COOH,0.27697769845184794,-0.4031600000000236,0.1571299999999627
La,CONTCAR-26_Sn_52-1_Bi_56,OCHO,CONTCAR-15_Bi_57,COOH,0.3905531409830799,-0.6243299999999959,0.5663299999999611
La,CONTCAR-26_Sn_52-1_Bi_56,OCHO,CONTCAR-17_Bi_59,COOH,0.6285753306847798,-0.6243299999999959,0.2918099999999657
La,CONTCAR-26_Sn_52-1_Bi_56,OCHO,CONTCAR-1_La_0,COOH,0.5420346165544313,-0.6243299999999959,0.1866199999999725
La,CONTCAR-26_Sn_52-1_Bi_56,OCHO,CONTCAR-25_Bi_67,COOH,0.49415003781628847,-0.6243299999999959,0.9011699999999467
La,CONTCAR-26_Sn_52-1_Bi_56,OCHO,CONTCAR-8_Sn_50,COOH,0.7138373869630064,-0.6243299999999959,0.1571299999999627
La,CONTCAR-26_Sn_52-2_Bi_61,OCHO,CONTCAR-15_Bi_57,COOH,0.38916406106708185,-0.6520100000000281,0.5663299999999611
La,CONTCAR-26_Sn_52-2_Bi_61,OCHO,CONTCAR-17_Bi_59,COOH,0.5949098867199216,-0.6520100000000281,0.2918099999999657
La,CONTCAR-26_Sn_52-2_Bi_61,OCHO,CONTCAR-1_La_0,COOH,0.5192914920356663,-0.6520100000000281,0.1866199999999725
La,CONTCAR-26_Sn_52-2_Bi_61,OCHO,CONTCAR-25_Bi_67,COOH,0.44953348453542197,-0.6520100000000281,0.9011699999999467
La,CONTCAR-26_Sn_52-2_Bi_61,OCHO,CONTCAR-8_Sn_50,COOH,0.7790679445643437,-0.6520100000000281,0.1571299999999627
La,CONTCAR-29_Bi_55-1_Bi_56,OCHO,CONTCAR-15_Bi_57,COOH,0.2568911550891218,-0.7275000000000301,0.5663299999999611
La,CONTCAR-29_Bi_55-1_Bi_56,OCHO,CONTCAR-17_Bi_59,COOH,0.49078888653427033,-0.7275000000000301,0.2918099999999657
La,CONTCAR-29_Bi_55-1_Bi_56,OCHO,CONTCAR-1_La_0,COOH,0.571234791968941,-0.7275000000000301,0.1866199999999725
La,CONTCAR-29_Bi_55-1_Bi_56,OCHO,CONTCAR-25_Bi_67,COOH,0.690495997750896,-0.7275000000000301,0.9011699999999467
La,CONTCAR-29_Bi_55-1_Bi_56,OCHO,CONTCAR-8_Sn_50,COOH,0.6442823733388036,-0.7275000000000301,0.1571299999999627
La,CONTCAR-29_Bi_55-2_Bi_64,OCHO,CONTCAR-15_Bi_57,COOH,0.47174353697835936,-1.027690000000017,0.5663299999999611
La,CONTCAR-29_Bi_55-2_Bi_64,OCHO,CONTCAR-17_Bi_59,COOH,-0.034716381710732054,-1.027690000000017,0.2918099999999657
La,CONTCAR-29_Bi_55-2_Bi_64,OCHO,CONTCAR-1_La_0,COOH,0.5226087011143324,-1.027690000000017,0.1866199999999725
La,CONTCAR-29_Bi_55-2_Bi_64,OCHO,CONTCAR-25_Bi_67,COOH,0.7532138173467933,-1.027690000000017,0.9011699999999467
La,CONTCAR-29_Bi_55-2_Bi_64,OCHO,CONTCAR-8_Sn_50,COOH,0.03944757054349084,-1.027690000000017,0.1571299999999627
La,CONTCAR-2_La_1-1_Bi_63,OCHO,CONTCAR-15_Bi_57,COOH,0.23168732470584788,-1.304690000000003,0.5663299999999611
La,CONTCAR-2_La_1-1_Bi_63,OCHO,CONTCAR-17_Bi_59,COOH,0.7757520466363748,-1.304690000000003,0.2918099999999657
La,CONTCAR-2_La_1-1_Bi_63,OCHO,CONTCAR-1_La_0,COOH,0.5984604656395587,-1.304690000000003,0.1866199999999725
La,CONTCAR-2_La_1-1_Bi_63,OCHO,CONTCAR-25_Bi_67,COOH,0.304811246658591,-1.304690000000003,0.9011699999999467
La,CONTCAR-2_La_1-1_Bi_63,OCHO,CONTCAR-8_Sn_50,COOH,0.38018384933063587,-1.304690000000003,0.1571299999999627
La,CONTCAR-2_La_1-2_Bi_65,OCHO,CONTCAR-15_Bi_57,COOH,0.016370516276804404,-0.8902400000000154,0.5663299999999611
La,CONTCAR-2_La_1-2_Bi_65,OCHO,CONTCAR-17_Bi_59,COOH,0.6621165003847419,-0.8902400000000154,0.2918099999999657
La,CONTCAR-2_La_1-2_Bi_65,OCHO,CONTCAR-1_La_0,COOH,0.4968475951959554,-0.8902400000000154,0.1866199999999725
La,CONTCAR-2_La_1-2_Bi_65,OCHO,CONTCAR-25_Bi_67,COOH,0.2626137016831692,-0.8902400000000154,0.9011699999999467
La,CONTCAR-2_La_1-2_Bi_65,OCHO,CONTCAR-8_Sn_50,COOH,0.397884816108732,-0.8902400000000154,0.1571299999999627
La,CONTCAR-2_La_1-3_Sn_50,OCHO,CONTCAR-15_Bi_57,COOH,0.2805464679293819,-0.8029500000000195,0.5663299999999611
La,CONTCAR-2_La_1-3_Sn_50,OCHO,CONTCAR-17_Bi_59,COOH,0.4628019313027852,-0.8029500000000195,0.2918099999999657
La,CONTCAR-2_La_1-3_Sn_50,OCHO,CONTCAR-1_La_0,COOH,0.3859528889586541,-0.8029500000000195,0.1866199999999725
La,CONTCAR-2_La_1-3_Sn_50,OCHO,CONTCAR-25_Bi_67,COOH,0.2084048402595556,-0.8029500000000195,0.9011699999999467
La,CONTCAR-2_La_1-3_Sn_50,OCHO,CONTCAR-8_Sn_50,COOH,0.948703475820692,-0.8029500000000195,0.1571299999999627
La,CONTCAR-31_Bi_57-1_Bi_59,OCHO,CONTCAR-15_Bi_57,COOH,0.9356564421000203,-0.6648400000000362,0.5663299999999611
La,CONTCAR-31_Bi_57-1_Bi_59,OCHO,CONTCAR-17_Bi_59,COOH,0.3169289386435022,-0.6648400000000362,0.2918099999999657
La,CONTCAR-31_Bi_57-1_Bi_59,OCHO,CONTCAR-1_La_0,COOH,0.8429653539685577,-0.6648400000000362,0.1866199999999725
La,CONTCAR-31_Bi_57-1_Bi_59,OCHO,CONTCAR-25_Bi_67,COOH,0.41060482183192065,-0.6648400000000362,0.9011699999999467
La,CONTCAR-31_Bi_57-1_Bi_59,OCHO,CONTCAR-8_Sn_50,COOH,0.3014098170407653,-0.6648400000000362,0.1571299999999627
La,CONTCAR-31_Bi_57-2_Bi_66,OCHO,CONTCAR-15_Bi_57,COOH,0.9031030919533722,-0.785149999999997,0.5663299999999611
La,CONTCAR-31_Bi_57-2_Bi_66,OCHO,CONTCAR-17_Bi_59,COOH,0.4767259623689464,-0.785149999999997,0.2918099999999657
La,CONTCAR-31_Bi_57-2_Bi_66,OCHO,CONTCAR-1_La_0,COOH,0.6546641244222505,-0.785149999999997,0.1866199999999725
La,CONTCAR-31_Bi_57-2_Bi_66,OCHO,CONTCAR-25_Bi_67,COOH,0.09579779637362103,-0.785149999999997,0.9011699999999467
La,CONTCAR-31_Bi_57-2_Bi_66,OCHO,CONTCAR-8_Sn_50,COOH,0.29472326239031127,-0.785149999999997,0.1571299999999627
La,CONTCAR-32_Bi_58-1_Bi_60,OCHO,CONTCAR-15_Bi_57,COOH,0.3752488084123868,-0.5396200000000232,0.5663299999999611
La,CONTCAR-32_Bi_58-1_Bi_60,OCHO,CONTCAR-17_Bi_59,COOH,-0.08307116013632497,-0.5396200000000232,0.2918099999999657
La,CONTCAR-32_Bi_58-1_Bi_60,OCHO,CONTCAR-1_La_0,COOH,0.7147536706518646,-0.5396200000000232,0.1866199999999725
La,CONTCAR-32_Bi_58-1_Bi_60,OCHO,CONTCAR-25_Bi_67,COOH,0.6121686576210302,-0.5396200000000232,0.9011699999999467
La,CONTCAR-32_Bi_58-1_Bi_60,OCHO,CONTCAR-8_Sn_50,COOH,0.048127019692194815,-0.5396200000000232,0.1571299999999627
La,CONTCAR-33_Bi_59-1_Bi_64,OCHO,CONTCAR-15_Bi_57,COOH,0.8272250828476473,-1.005370000000037,0.5663299999999611
La,CONTCAR-33_Bi_59-1_Bi_64,OCHO,CONTCAR-17_Bi_59,COOH,0.39202040246675784,-1.005370000000037,0.2918099999999657
La,CONTCAR-33_Bi_59-1_Bi_64,OCHO,CONTCAR-1_La_0,COOH,0.7568851684084801,-1.005370000000037,0.1866199999999725
La,CONTCAR-33_Bi_59-1_Bi_64,OCHO,CONTCAR-25_Bi_67,COOH,0.46464069929571583,-1.005370000000037,0.9011699999999467
La,CONTCAR-33_Bi_59-1_Bi_64,OCHO,CONTCAR-8_Sn_50,COOH,0.18411293457880065,-1.005370000000037,0.1571299999999627
La,CONTCAR-36_Bi_62-1_Bi_67,OCHO,CONTCAR-15_Bi_57,COOH,0.49892969396660536,-1.884830000000032,0.5663299999999611
La,CONTCAR-36_Bi_62-1_Bi_67,OCHO,CONTCAR-17_Bi_59,COOH,0.3885099979758261,-1.884830000000032,0.2918099999999657
La,CONTCAR-36_Bi_62-1_Bi_67,OCHO,CONTCAR-1_La_0,COOH,0.814518383825218,-1.884830000000032,0.1866199999999725
La,CONTCAR-36_Bi_62-1_Bi_67,OCHO,CONTCAR-25_Bi_67,COOH,0.511207876738124,-1.884830000000032,0.9011699999999467
La,CONTCAR-36_Bi_62-1_Bi_67,OCHO,CONTCAR-8_Sn_50,COOH,0.5204472604790269,-1.884830000000032,0.1571299999999627
La,CONTCAR-3_La_2-1_Bi_62,OCHO,CONTCAR-15_Bi_57,COOH,0.49892969396660536,-1.904650000000013,0.5663299999999611
La,CONTCAR-3_La_2-1_Bi_62,OCHO,CONTCAR-17_Bi_59,COOH,0.3885099979758261,-1.904650000000013,0.2918099999999657
La,CONTCAR-3_La_2-1_Bi_62,OCHO,CONTCAR-1_La_0,COOH,0.814518383825218,-1.904650000000013,0.1866199999999725
La,CONTCAR-3_La_2-1_Bi_62,OCHO,CONTCAR-25_Bi_67,COOH,0.511207876738124,-1.904650000000013,0.9011699999999467
La,CONTCAR-3_La_2-1_Bi_62,OCHO,CONTCAR-8_Sn_50,COOH,0.5204472604790269,-1.904650000000013,0.1571299999999627
La,CONTCAR-3_La_2-2_Ni_39,OCHO,CONTCAR-15_Bi_57,COOH,0.533786309870736,-1.87745000000002,0.5663299999999611
La,CONTCAR-3_La_2-2_Ni_39,OCHO,CONTCAR-17_Bi_59,COOH,0.35146312081642905,-1.87745000000002,0.2918099999999657
La,CONTCAR-3_La_2-2_Ni_39,OCHO,CONTCAR-1_La_0,COOH,0.6833465100239519,-1.87745000000002,0.1866199999999725
La,CONTCAR-3_La_2-2_Ni_39,OCHO,CONTCAR-25_Bi_67,COOH,0.5635830887296046,-1.87745000000002,0.9011699999999467
La,CONTCAR-3_La_2-2_Ni_39,OCHO,CONTCAR-8_Sn_50,COOH,0.540691542199868,-1.87745000000002,0.1571299999999627
La,CONTCAR-3_La_2-3_Bi_67,OCHO,CONTCAR-15_Bi_57,COOH,0.49892969396660536,-1.885140000000045,0.5663299999999611
La,CONTCAR-3_La_2-3_Bi_67,OCHO,CONTCAR-17_Bi_59,COOH,0.3885099979758261,-1.885140000000045,0.2918099999999657
La,CONTCAR-3_La_2-3_Bi_67,OCHO,CONTCAR-1_La_0,COOH,0.814518383825218,-1.885140000000045,0.1866199999999725
La,CONTCAR-3_La_2-3_Bi_67,OCHO,CONTCAR-25_Bi_67,COOH,0.511207876738124,-1.885140000000045,0.9011699999999467
La,CONTCAR-3_La_2-3_Bi_67,OCHO,CONTCAR-8_Sn_50,COOH,0.5204472604790269,-1.885140000000045,0.1571299999999627
La,CONTCAR-3_La_2-4_La_4,OCHO,CONTCAR-15_Bi_57,COOH,0.71021996755154,-1.867560000000036,0.5663299999999611
La,CONTCAR-3_La_2-4_La_4,OCHO,CONTCAR-17_Bi_59,COOH,0.4007557789109824,-1.867560000000036,0.2918099999999657
La,CONTCAR-3_La_2-4_La_4,OCHO,CONTCAR-1_La_0,COOH,0.7799203741565802,-1.867560000000036,0.1866199999999725
La,CONTCAR-3_La_2-4_La_4,OCHO,CONTCAR-25_Bi_67,COOH,0.43193934290588265,-1.867560000000036,0.9011699999999467
La,CONTCAR-3_La_2-4_La_4,OCHO,CONTCAR-8_Sn_50,COOH,0.48840154250085244,-1.867560000000036,0.1571299999999627
La,CONTCAR-3_La_2-5_Sn_45,OCHO,CONTCAR-15_Bi_57,COOH,0.71021996755154,-1.819630000000028,0.5663299999999611
La,CONTCAR-3_La_2-5_Sn_45,OCHO,CONTCAR-17_Bi_59,COOH,0.4007557789109824,-1.819630000000028,0.2918099999999657
La,CONTCAR-3_La_2-5_Sn_45,OCHO,CONTCAR-1_La_0,COOH,0.7799203741565802,-1.819630000000028,0.1866199999999725
La,CONTCAR-3_La_2-5_Sn_45,OCHO,CONTCAR-25_Bi_67,COOH,0.43193934290588265,-1.819630000000028,0.9011699999999467
La,CONTCAR-3_La_2-5_Sn_45,OCHO,CONTCAR-8_Sn_50,COOH,0.48840154250085244,-1.819630000000028,0.1571299999999627
La,CONTCAR-3_La_2-6_Bi_65,OCHO,CONTCAR-15_Bi_57,COOH,0.71021996755154,-1.906659999999998,0.5663299999999611
La,CONTCAR-3_La_2-6_Bi_65,OCHO,CONTCAR-17_Bi_59,COOH,0.4007557789109824,-1.906659999999998,0.2918099999999657
La,CONTCAR-3_La_2-6_Bi_65,OCHO,CONTCAR-1_La_0,COOH,0.7799203741565802,-1.906659999999998,0.1866199999999725
La,CONTCAR-3_La_2-6_Bi_65,OCHO,CONTCAR-25_Bi_67,COOH,0.43193934290588265,-1.906659999999998,0.9011699999999467
La,CONTCAR-3_La_2-6_Bi_65,OCHO,CONTCAR-8_Sn_50,COOH,0.48840154250085244,-1.906659999999998,0.1571299999999627
La,CONTCAR-3_La_2-7_La_7,OCHO,CONTCAR-15_Bi_57,COOH,-0.016272019906684188,-1.612840000000015,0.5663299999999611
La,CONTCAR-3_La_2-7_La_7,OCHO,CONTCAR-17_Bi_59,COOH,0.6273809190735836,-1.612840000000015,0.2918099999999657
La,CONTCAR-3_La_2-7_La_7,OCHO,CONTCAR-1_La_0,COOH,0.35661163670910334,-1.612840000000015,0.1866199999999725
La,CONTCAR-3_La_2-7_La_7,OCHO,CONTCAR-25_Bi_67,COOH,0.16040868944803874,-1.612840000000015,0.9011699999999467
La,CONTCAR-3_La_2-7_La_7,OCHO,CONTCAR-8_Sn_50,COOH,0.2931808846341746,-1.612840000000015,0.1571299999999627
La,CONTCAR-4_La_3-1_Sn_48,OCHO,CONTCAR-15_Bi_57,COOH,0.6225514813780004,-0.4410100000000153,0.5663299999999611
La,CONTCAR-4_La_3-1_Sn_48,OCHO,CONTCAR-17_Bi_59,COOH,0.6812490429933772,-0.4410100000000153,0.2918099999999657
La,CONTCAR-4_La_3-1_Sn_48,OCHO,CONTCAR-1_La_0,COOH,0.400170351199659,-0.4410100000000153,0.1866199999999725
La,CONTCAR-4_La_3-1_Sn_48,OCHO,CONTCAR-25_Bi_67,COOH,-0.12416694485411958,-0.4410100000000153,0.9011699999999467
La,CONTCAR-4_La_3-1_Sn_48,OCHO,CONTCAR-8_Sn_50,COOH,0.3846295502617247,-0.4410100000000153,0.1571299999999627
La,CONTCAR-4_La_3-2_Sn_44,OCHO,CONTCAR-15_Bi_57,COOH,0.09668294928273445,-0.4795800000000082,0.5663299999999611
La,CONTCAR-4_La_3-2_Sn_44,OCHO,CONTCAR-17_Bi_59,COOH,0.584594789957606,-0.4795800000000082,0.2918099999999657
La,CONTCAR-4_La_3-2_Sn_44,OCHO,CONTCAR-1_La_0,COOH,0.13564249639261675,-0.4795800000000082,0.1866199999999725
La,CONTCAR-4_La_3-2_Sn_44,OCHO,CONTCAR-25_Bi_67,COOH,-0.06919728194499751,-0.4795800000000082,0.9011699999999467
La,CONTCAR-4_La_3-2_Sn_44,OCHO,CONTCAR-8_Sn_50,COOH,0.5855956868951064,-0.4795800000000082,0.1571299999999627
La,CONTCAR-4_La_3-3_Sn_40,OCHO,CONTCAR-15_Bi_57,COOH,-0.020468622682713215,-0.4365000000000333,0.5663299999999611
La,CONTCAR-4_La_3-3_Sn_40,OCHO,CONTCAR-17_Bi_59,COOH,0.44028489115563973,-0.4365000000000333,0.2918099999999657
La,CONTCAR-4_La_3-3_Sn_40,OCHO,CONTCAR-1_La_0,COOH,0.1828708838068923,-0.4365000000000333,0.1866199999999725
La,CONTCAR-4_La_3-3_Sn_40,OCHO,CONTCAR-25_Bi_67,COOH,-0.1496348957279266,-0.4365000000000333,0.9011699999999467
La,CONTCAR-4_La_3-3_Sn_40,OCHO,CONTCAR-8_Sn_50,COOH,0.5029324145603163,-0.4365000000000333,0.1571299999999627
La,CONTCAR-4_La_3-4_Sn_51,OCHO,CONTCAR-15_Bi_57,COOH,0.6254148064480642,-0.7039700000000363,0.5663299999999611
La,CONTCAR-4_La_3-4_Sn_51,OCHO,CONTCAR-17_Bi_59,COOH,0.6344776312372399,-0.7039700000000363,0.2918099999999657
La,CONTCAR-4_La_3-4_Sn_51,OCHO,CONTCAR-1_La_0,COOH,0.37323941814048,-0.7039700000000363,0.1866199999999725
La,CONTCAR-4_La_3-4_Sn_51,OCHO,CONTCAR-25_Bi_67,COOH,-0.16185885856419946,-0.7039700000000363,0.9011699999999467
La,CONTCAR-4_La_3-4_Sn_51,OCHO,CONTCAR-8_Sn_50,COOH,0.45061074760671826,-0.7039700000000363,0.1571299999999627
La,CONTCAR-4_La_3-6_Bi_66,OCHO,CONTCAR-15_Bi_57,COOH,0.6420462071600712,-0.3701199999999955,0.5663299999999611
La,CONTCAR-4_La_3-6_Bi_66,OCHO,CONTCAR-17_Bi_59,COOH,0.675566041989219,-0.3701199999999955,0.2918099999999657
La,CONTCAR-4_La_3-6_Bi_66,OCHO,CONTCAR-1_La_0,COOH,0.41786433592833494,-0.3701199999999955,0.1866199999999725
La,CONTCAR-4_La_3-6_Bi_66,OCHO,CONTCAR-25_Bi_67,COOH,-0.15211352776681464,-0.3701199999999955,0.9011699999999467
La,CONTCAR-4_La_3-6_Bi_66,OCHO,CONTCAR-8_Sn_50,COOH,0.4167565218724201,-0.3701199999999955,0.1571299999999627
La,CONTCAR-5_La_4-1_Bi_61,OCHO,CONTCAR-15_Bi_57,COOH,0.5174320118680011,-1.791270000000007,0.5663299999999611
La,CONTCAR-5_La_4-1_Bi_61,OCHO,CONTCAR-17_Bi_59,COOH,0.3513280573167441,-1.791270000000007,0.2918099999999657
La,CONTCAR-5_La_4-1_Bi_61,OCHO,CONTCAR-1_La_0,COOH,0.6830839073049897,-1.791270000000007,0.1866199999999725
La,CONTCAR-5_La_4-1_Bi_61,OCHO,CONTCAR-25_Bi_67,COOH,0.5633665098061881,-1.791270000000007,0.9011699999999467
La,CONTCAR-5_La_4-1_Bi_61,OCHO,CONTCAR-8_Sn_50,COOH,0.5296381780148536,-1.791270000000007,0.1571299999999627
La,CONTCAR-5_La_4-2_Co_22,OCHO,CONTCAR-15_Bi_57,COOH,0.7667964977139617,-1.262310000000023,0.5663299999999611
La,CONTCAR-5_La_4-2_Co_22,OCHO,CONTCAR-17_Bi_59,COOH,0.21274436922370168,-1.262310000000023,0.2918099999999657
La,CONTCAR-5_La_4-2_Co_22,OCHO,CONTCAR-1_La_0,COOH,0.7137338879513389,-1.262310000000023,0.1866199999999725
La,CONTCAR-5_La_4-2_Co_22,OCHO,CONTCAR-25_Bi_67,COOH,0.39579024644915245,-1.262310000000023,0.9011699999999467
La,CONTCAR-5_La_4-2_Co_22,OCHO,CONTCAR-8_Sn_50,COOH,0.6160810416629229,-1.262310000000023,0.1571299999999627
La,CONTCAR-5_La_4-4_Ni_39,OCHO,CONTCAR-15_Bi_57,COOH,0.5174320118680011,-1.769440000000041,0.5663299999999611
La,CONTCAR-5_La_4-4_Ni_39,OCHO,CONTCAR-17_Bi_59,COOH,0.3513280573167441,-1.769440000000041,0.2918099999999657
La,CONTCAR-5_La_4-4_Ni_39,OCHO,CONTCAR-1_La_0,COOH,0.6830839073049897,-1.769440000000041,0.1866199999999725
La,CONTCAR-5_La_4-4_Ni_39,OCHO,CONTCAR-25_Bi_67,COOH,0.5633665098061881,-1.769440000000041,0.9011699999999467
La,CONTCAR-5_La_4-4_Ni_39,OCHO,CONTCAR-8_Sn_50,COOH,0.5296381780148536,-1.769440000000041,0.1571299999999627
La,CONTCAR-5_La_4-5_Bi_54,OCHO,CONTCAR-15_Bi_57,COOH,0.7209381323839056,-1.255949999999994,0.5663299999999611
La,CONTCAR-5_La_4-5_Bi_54,OCHO,CONTCAR-17_Bi_59,COOH,-0.04540820375154347,-1.255949999999994,0.2918099999999657
La,CONTCAR-5_La_4-5_Bi_54,OCHO,CONTCAR-1_La_0,COOH,0.7356143822162895,-1.255949999999994,0.1866199999999725
La,CONTCAR-5_La_4-5_Bi_54,OCHO,CONTCAR-25_Bi_67,COOH,0.5357281164394169,-1.255949999999994,0.9011699999999467
La,CONTCAR-5_La_4-5_Bi_54,OCHO,CONTCAR-8_Sn_50,COOH,0.4201433301188063,-1.255949999999994,0.1571299999999627
La,CONTCAR-5_La_4-6_Sn_45,OCHO,CONTCAR-15_Bi_57,COOH,0.49892969396660536,-1.890470000000003,0.5663299999999611
La,CONTCAR-5_La_4-6_Sn_45,OCHO,CONTCAR-17_Bi_59,COOH,0.3885099979758261,-1.890470000000003,0.2918099999999657
La,CONTCAR-5_La_4-6_Sn_45,OCHO,CONTCAR-1_La_0,COOH,0.814518383825218,-1.890470000000003,0.1866199999999725
La,CONTCAR-5_La_4-6_Sn_45,OCHO,CONTCAR-25_Bi_67,COOH,0.511207876738124,-1.890470000000003,0.9011699999999467
La,CONTCAR-5_La_4-6_Sn_45,OCHO,CONTCAR-8_Sn_50,COOH,0.5204472604790269,-1.890470000000003,0.1571299999999627
La,CONTCAR-6_La_5-1_La_8,OCHO,CONTCAR-15_Bi_57,COOH,0.8530088140409058,-1.718100000000002,0.5663299999999611
La,CONTCAR-6_La_5-1_La_8,OCHO,CONTCAR-17_Bi_59,COOH,0.32854395544614623,-1.718100000000002,0.2918099999999657
La,CONTCAR-6_La_5-1_La_8,OCHO,CONTCAR-1_La_0,COOH,0.7422161457837618,-1.718100000000002,0.1866199999999725
La,CONTCAR-6_La_5-1_La_8,OCHO,CONTCAR-25_Bi_67,COOH,0.3256467935530809,-1.718100000000002,0.9011699999999467
La,CONTCAR-6_La_5-1_La_8,OCHO,CONTCAR-8_Sn_50,COOH,0.46998359341771406,-1.718100000000002,0.1571299999999627
La,CONTCAR-6_La_5-2_La_7,OCHO,CONTCAR-15_Bi_57,COOH,0.09799921586180087,-2.173100000000043,0.5663299999999611
La,CONTCAR-6_La_5-2_La_7,OCHO,CONTCAR-17_Bi_59,COOH,0.63211918519021,-2.173100000000043,0.2918099999999657
La,CONTCAR-6_La_5-2_La_7,OCHO,CONTCAR-1_La_0,COOH,0.3541382840068933,-2.173100000000043,0.1866199999999725
La,CONTCAR-6_La_5-2_La_7,OCHO,CONTCAR-25_Bi_67,COOH,0.19716268150158228,-2.173100000000043,0.9011699999999467
La,CONTCAR-6_La_5-2_La_7,OCHO,CONTCAR-8_Sn_50,COOH,0.7672871139647176,-2.173100000000043,0.1571299999999627
La,CONTCAR-6_La_5-3_Sn_50,OCHO,CONTCAR-15_Bi_57,COOH,0.09799921586180087,-2.176170000000023,0.5663299999999611
La,CONTCAR-6_La_5-3_Sn_50,OCHO,CONTCAR-17_Bi_59,COOH,0.63211918519021,-2.176170000000023,0.2918099999999657
La,CONTCAR-6_La_5-3_Sn_50,OCHO,CONTCAR-1_La_0,COOH,0.3541382840068933,-2.176170000000023,0.1866199999999725
La,CONTCAR-6_La_5-3_Sn_50,OCHO,CONTCAR-25_Bi_67,COOH,0.19716268150158228,-2.176170000000023,0.9011699999999467
La,CONTCAR-6_La_5-3_Sn_50,OCHO,CONTCAR-8_Sn_50,COOH,0.7672871139647176,-2.176170000000023,0.1571299999999627
La,CONTCAR-6_La_5-4_Bi_57,OCHO,CONTCAR-15_Bi_57,COOH,0.8530088140409058,-1.700789999999993,0.5663299999999611
La,CONTCAR-6_La_5-4_Bi_57,OCHO,CONTCAR-17_Bi_59,COOH,0.32854395544614623,-1.700789999999993,0.2918099999999657
La,CONTCAR-6_La_5-4_Bi_57,OCHO,CONTCAR-1_La_0,COOH,0.7422161457837618,-1.700789999999993,0.1866199999999725
La,CONTCAR-6_La_5-4_Bi_57,OCHO,CONTCAR-25_Bi_67,COOH,0.3256467935530809,-1.700789999999993,0.9011699999999467
La,CONTCAR-6_La_5-4_Bi_57,OCHO,CONTCAR-8_Sn_50,COOH,0.46998359341771406,-1.700789999999993,0.1571299999999627
La,CONTCAR-6_La_5-5_Bi_66,OCHO,CONTCAR-15_Bi_57,COOH,0.9031030919533722,-0.7809500000000281,0.5663299999999611
La,CONTCAR-6_La_5-5_Bi_66,OCHO,CONTCAR-17_Bi_59,COOH,0.4767259623689464,-0.7809500000000281,0.2918099999999657
La,CONTCAR-6_La_5-5_Bi_66,OCHO,CONTCAR-1_La_0,COOH,0.6546641244222505,-0.7809500000000281,0.1866199999999725
La,CONTCAR-6_La_5-5_Bi_66,OCHO,CONTCAR-25_Bi_67,COOH,0.09579779637362103,-0.7809500000000281,0.9011699999999467
La,CONTCAR-6_La_5-5_Bi_66,OCHO,CONTCAR-8_Sn_50,COOH,0.29472326239031127,-0.7809500000000281,0.1571299999999627
La,CONTCAR-7_La_6-1_Co_24,OCHO,CONTCAR-15_Bi_57,COOH,0.6216784350560837,-1.183180000000003,0.5663299999999611
La,CONTCAR-7_La_6-1_Co_24,OCHO,CONTCAR-17_Bi_59,COOH,0.39282866077700446,-1.183180000000003,0.2918099999999657
La,CONTCAR-7_La_6-1_Co_24,OCHO,CONTCAR-1_La_0,COOH,0.7503206344072567,-1.183180000000003,0.1866199999999725
La,CONTCAR-7_La_6-1_Co_24,OCHO,CONTCAR-25_Bi_67,COOH,0.3494005814094886,-1.183180000000003,0.9011699999999467
La,CONTCAR-7_La_6-1_Co_24,OCHO,CONTCAR-8_Sn_50,COOH,0.7205664350321355,-1.183180000000003,0.1571299999999627
La,CONTCAR-7_La_6-2_Bi_60,OCHO,CONTCAR-15_Bi_57,COOH,0.5517459430909594,-0.8291800000000177,0.5663299999999611
La,CONTCAR-7_La_6-2_Bi_60,OCHO,CONTCAR-17_Bi_59,COOH,0.40689245987674677,-0.8291800000000177,0.2918099999999657
La,CONTCAR-7_La_6-2_Bi_60,OCHO,CONTCAR-1_La_0,COOH,0.6816244561803984,-0.8291800000000177,0.1866199999999725
La,CONTCAR-7_La_6-2_Bi_60,OCHO,CONTCAR-25_Bi_67,COOH,0.299537912769311,-0.8291800000000177,0.9011699999999467
La,CONTCAR-7_La_6-2_Bi_60,OCHO,CONTCAR-8_Sn_50,COOH,0.39737431361593195,-0.8291800000000177,0.1571299999999627
La,CONTCAR-7_La_6-3_Bi_58,OCHO,CONTCAR-15_Bi_57,COOH,0.3633119461896962,-0.5242600000000363,0.5663299999999611
La,CONTCAR-7_La_6-3_Bi_58,OCHO,CONTCAR-17_Bi_59,COOH,0.3364270655460266,-0.5242600000000363,0.2918099999999657
La,CONTCAR-7_La_6-3_Bi_58,OCHO,CONTCAR-1_La_0,COOH,0.5951169052234254,-0.5242600000000363,0.1866199999999725
La,CONTCAR-7_La_6-3_Bi_58,OCHO,CONTCAR-25_Bi_67,COOH,0.3231740536106155,-0.5242600000000363,0.9011699999999467
La,CONTCAR-7_La_6-3_Bi_58,OCHO,CONTCAR-8_Sn_50,COOH,0.41615358662105184,-0.5242600000000363,0.1571299999999627
La,CONTCAR-7_La_6-4_Bi_54,OCHO,CONTCAR-15_Bi_57,COOH,0.723610352877971,-0.5753700000000305,0.5663299999999611
La,CONTCAR-7_La_6-4_Bi_54,OCHO,CONTCAR-17_Bi_59,COOH,0.46742850632399396,-0.5753700000000305,0.2918099999999657
La,CONTCAR-7_La_6-4_Bi_54,OCHO,CONTCAR-1_La_0,COOH,0.6631508750855639,-0.5753700000000305,0.1866199999999725
La,CONTCAR-7_La_6-4_Bi_54,OCHO,CONTCAR-25_Bi_67,COOH,0.29463653645448856,-0.5753700000000305,0.9011699999999467
La,CONTCAR-7_La_6-4_Bi_54,OCHO,CONTCAR-8_Sn_50,COOH,0.4130087764130667,-0.5753700000000305,0.1571299999999627
La,CONTCAR-7_La_6-5_Sn_43,OCHO,CONTCAR-15_Bi_57,COOH,0.10757614937940826,-0.7410800000000205,0.5663299999999611
La,CONTCAR-7_La_6-5_Sn_43,OCHO,CONTCAR-17_Bi_59,COOH,0.14405935284709095,-0.7410800000000205,0.2918099999999657
La,CONTCAR-7_La_6-5_Sn_43,OCHO,CONTCAR-1_La_0,COOH,0.44760458622853966,-0.7410800000000205,0.1866199999999725
La,CONTCAR-7_La_6-5_Sn_43,OCHO,CONTCAR-25_Bi_67,COOH,0.1391421038188658,-0.7410800000000205,0.9011699999999467
La,CONTCAR-7_La_6-5_Sn_43,OCHO,CONTCAR-8_Sn_50,COOH,0.5051287437379322,-0.7410800000000205,0.1571299999999627
La,CONTCAR-7_La_6-6_Sn_40,OCHO,CONTCAR-15_Bi_57,COOH,0.31808129560809545,-0.5864000000000357,0.5663299999999611
La,CONTCAR-7_La_6-6_Sn_40,OCHO,CONTCAR-17_Bi_59,COOH,0.31355405652489804,-0.5864000000000357,0.2918099999999657
La,CONTCAR-7_La_6-6_Sn_40,OCHO,CONTCAR-1_La_0,COOH,0.5479044771462112,-0.5864000000000357,0.1866199999999725
La,CONTCAR-7_La_6-6_Sn_40,OCHO,CONTCAR-25_Bi_67,COOH,0.30560095080488914,-0.5864000000000357,0.9011699999999467
La,CONTCAR-7_La_6-6_Sn_40,OCHO,CONTCAR-8_Sn_50,COOH,0.3158988078094399,-0.5864000000000357,0.1571299999999627
La,CONTCAR-8_La_7-1_Bi_67,OCHO,CONTCAR-15_Bi_57,COOH,-0.005767833182058113,-2.186490000000002,0.5663299999999611
La,CONTCAR-8_La_7-1_Bi_67,OCHO,CONTCAR-17_Bi_59,COOH,0.6005315413753847,-2.186490000000002,0.2918099999999657
La,CONTCAR-8_La_7-1_Bi_67,OCHO,CONTCAR-1_La_0,COOH,0.42476597917437314,-2.186490000000002,0.1866199999999725
La,CONTCAR-8_La_7-1_Bi_67,OCHO,CONTCAR-25_Bi_67,COOH,0.2794209835018823,-2.186490000000002,0.9011699999999467
La,CONTCAR-8_La_7-1_Bi_67,OCHO,CONTCAR-8_Sn_50,COOH,0.7174680816864466,-2.186490000000002,0.1571299999999627
La,CONTCAR-8_La_7-2_Sn_47,OCHO,CONTCAR-15_Bi_57,COOH,0.09799921586180087,-2.179309999999997,0.5663299999999611
La,CONTCAR-8_La_7-2_Sn_47,OCHO,CONTCAR-17_Bi_59,COOH,0.63211918519021,-2.179309999999997,0.2918099999999657
La,CONTCAR-8_La_7-2_Sn_47,OCHO,CONTCAR-1_La_0,COOH,0.3541382840068933,-2.179309999999997,0.1866199999999725
La,CONTCAR-8_La_7-2_Sn_47,OCHO,CONTCAR-25_Bi_67,COOH,0.19716268150158228,-2.179309999999997,0.9011699999999467
La,CONTCAR-8_La_7-2_Sn_47,OCHO,CONTCAR-8_Sn_50,COOH,0.7672871139647176,-2.179309999999997,0.1571299999999627
La,CONTCAR-8_La_7-3_Bi_65,OCHO,CONTCAR-15_Bi_57,COOH,-0.04804200604603423,-0.9798500000000087,0.5663299999999611
La,CONTCAR-8_La_7-3_Bi_65,OCHO,CONTCAR-17_Bi_59,COOH,0.8261554007002445,-0.9798500000000087,0.2918099999999657
La,CONTCAR-8_La_7-3_Bi_65,OCHO,CONTCAR-1_La_0,COOH,0.20821256691602993,-0.9798500000000087,0.1866199999999725
La,CONTCAR-8_La_7-3_Bi_65,OCHO,CONTCAR-25_Bi_67,COOH,0.08576049951238231,-0.9798500000000087,0.9011699999999467
La,CONTCAR-8_La_7-3_Bi_65,OCHO,CONTCAR-8_Sn_50,COOH,0.46146234658242097,-0.9798500000000087,0.1571299999999627
La,CONTCAR-9_La_8-1_Sn_47,OCHO,CONTCAR-15_Bi_57,COOH,0.37867450780784084,-0.9018600000000089,0.5663299999999611
La,CONTCAR-9_La_8-1_Sn_47,OCHO,CONTCAR-17_Bi_59,COOH,0.07384377301548145,-0.9018600000000089,0.2918099999999657
La,CONTCAR-9_La_8-1_Sn_47,OCHO,CONTCAR-1_La_0,COOH,0.5869632639145709,-0.9018600000000089,0.1866199999999725
La,CONTCAR-9_La_8-1_Sn_47,OCHO,CONTCAR-25_Bi_67,COOH,0.6129300381134053,-0.9018600000000089,0.9011699999999467
La,CONTCAR-9_La_8-1_Sn_47,OCHO,CONTCAR-8_Sn_50,COOH,0.6983029070379294,-0.9018600000000089,0.1571299999999627
La,CONTCAR-9_La_8-2_Bi_64,OCHO,CONTCAR-15_Bi_57,COOH,0.5855331572754608,-1.007680000000003,0.5663299999999611
La,CONTCAR-9_La_8-2_Bi_64,OCHO,CONTCAR-17_Bi_59,COOH,0.3006945381395934,-1.007680000000003,0.2918099999999657
La,CONTCAR-9_La_8-2_Bi_64,OCHO,CONTCAR-1_La_0,COOH,0.7539576618119174,-1.007680000000003,0.1866199999999725
La,CONTCAR-9_La_8-2_Bi_64,OCHO,CONTCAR-25_Bi_67,COOH,0.7710469831259816,-1.007680000000003,0.9011699999999467
La,CONTCAR-9_La_8-2_Bi_64,OCHO,CONTCAR-8_Sn_50,COOH,0.5609433696405277,-1.007680000000003,0.1571299999999627
La,CONTCAR-9_La_8-3_Bi_59,OCHO,CONTCAR-15_Bi_57,COOH,0.8272250828476473,-1.026490000000034,0.5663299999999611
La,CONTCAR-9_La_8-3_Bi_59,OCHO,CONTCAR-17_Bi_59,COOH,0.39202040246675784,-1.026490000000034,0.2918099999999657
La,CONTCAR-9_La_8-3_Bi_59,OCHO,CONTCAR-1_La_0,COOH,0.7568851684084801,-1.026490000000034,0.1866199999999725
La,CONTCAR-9_La_8-3_Bi_59,OCHO,CONTCAR-25_Bi_67,COOH,0.46464069929571583,-1.026490000000034,0.9011699999999467
La,CONTCAR-9_La_8-3_Bi_59,OCHO,CONTCAR-8_Sn_50,COOH,0.18411293457880065,-1.026490000000034,0.1571299999999627
La,CONTCAR-9_La_8-4_Bi_57,OCHO,CONTCAR-15_Bi_57,COOH,0.8530088140409058,-1.71071999999999,0.5663299999999611
La,CONTCAR-9_La_8-4_Bi_57,OCHO,CONTCAR-17_Bi_59,COOH,0.32854395544614623,-1.71071999999999,0.2918099999999657
La,CONTCAR-9_La_8-4_Bi_57,OCHO,CONTCAR-1_La_0,COOH,0.7422161457837618,-1.71071999999999,0.1866199999999725
La,CONTCAR-9_La_8-4_Bi_57,OCHO,CONTCAR-25_Bi_67,COOH,0.3256467935530809,-1.71071999999999,0.9011699999999467
La,CONTCAR-9_La_8-4_Bi_57,OCHO,CONTCAR-8_Sn_50,COOH,0.46998359341771406,-1.71071999999999,0.1571299999999627
Sn,CONTCAR-17_Sn_40-2_Sn_44,OCHO,CONTCAR-10_Sn_52,COOH,-0.13407660817323225,0.4553999999999877,0.9506899999999194
Sn,CONTCAR-17_Sn_40-2_Sn_44,OCHO,CONTCAR-11_Sn_53,COOH,0.19937967189744513,0.4553999999999877,0.5377299999999212
Sn,CONTCAR-17_Sn_40-2_Sn_44,OCHO,CONTCAR-1_Sn_40,COOH,0.5189257156825837,0.4553999999999877,0.2913699999999397
Sn,CONTCAR-17_Sn_40-2_Sn_44,OCHO,CONTCAR-2_Sn_41,COOH,0.408429332789708,0.4553999999999877,0.5422799999999728
Sn,CONTCAR-17_Sn_40-2_Sn_44,OCHO,CONTCAR-3_Sn_43,COOH,0.2125065579194327,0.4553999999999877,0.7690899999999732
Sn,CONTCAR-17_Sn_40-2_Sn_44,OCHO,CONTCAR-4_Sn_44,COOH,0.6078164380230963,0.4553999999999877,0.1943899999999661
Sn,CONTCAR-17_Sn_40-2_Sn_44,OCHO,CONTCAR-5_Sn_45,COOH,0.3813655753070797,0.4553999999999877,0.9970399999999375
Sn,CONTCAR-17_Sn_40-2_Sn_44,OCHO,CONTCAR-6_Sn_47,COOH,0.16126413962438213,0.4553999999999877,0.7884799999999603
Sn,CONTCAR-17_Sn_40-2_Sn_44,OCHO,CONTCAR-7_Sn_48,COOH,0.3671049561287391,0.4553999999999877,0.8952699999999498
Sn,CONTCAR-17_Sn_40-2_Sn_44,OCHO,CONTCAR-9_Sn_51,COOH,-0.11003029551012473,0.4553999999999877,0.833489999999951
Sn,CONTCAR-18_Sn_41-1_Bi_56,OCHO,CONTCAR-10_Sn_52,COOH,-0.007641749108854146,0.1909099999999642,0.9506899999999194
Sn,CONTCAR-18_Sn_41-1_Bi_56,OCHO,CONTCAR-11_Sn_53,COOH,-0.053552897086081186,0.1909099999999642,0.5377299999999212
Sn,CONTCAR-18_Sn_41-1_Bi_56,OCHO,CONTCAR-1_Sn_40,COOH,0.23484918657846018,0.1909099999999642,0.2913699999999397
Sn,CONTCAR-18_Sn_41-1_Bi_56,OCHO,CONTCAR-2_Sn_41,COOH,0.9790729464256016,0.1909099999999642,0.5422799999999728
Sn,CONTCAR-18_Sn_41-1_Bi_56,OCHO,CONTCAR-3_Sn_43,COOH,-0.09652120411662987,0.1909099999999642,0.7690899999999732
Sn,CONTCAR-18_Sn_41-1_Bi_56,OCHO,CONTCAR-4_Sn_44,COOH,0.7847296167482614,0.1909099999999642,0.1943899999999661
Sn,CONTCAR-18_Sn_41-1_Bi_56,OCHO,CONTCAR-5_Sn_45,COOH,0.36198222204958785,0.1909099999999642,0.9970399999999375
Sn,CONTCAR-18_Sn_41-1_Bi_56,OCHO,CONTCAR-6_Sn_47,COOH,0.60040877895656,0.1909099999999642,0.7884799999999603
Sn,CONTCAR-18_Sn_41-1_Bi_56,OCHO,CONTCAR-7_Sn_48,COOH,0.365577605994561,0.1909099999999642,0.8952699999999498
Sn,CONTCAR-18_Sn_41-1_Bi_56,OCHO,CONTCAR-9_Sn_51,COOH,-0.1808630234736407,0.1909099999999642,0.833489999999951
Sn,CONTCAR-18_Sn_41-2_Bi_60,OCHO,CONTCAR-10_Sn_52,COOH,0.2343923934523021,0.1927299999999735,0.9506899999999194
Sn,CONTCAR-18_Sn_41-2_Bi_60,OCHO,CONTCAR-11_Sn_53,COOH,0.18496374328349666,0.1927299999999735,0.5377299999999212
Sn,CONTCAR-18_Sn_41-2_Bi_60,OCHO,CONTCAR-1_Sn_40,COOH,0.34276201917721943,0.1927299999999735,0.2913699999999397
Sn,CONTCAR-18_Sn_41-2_Bi_60,OCHO,CONTCAR-2_Sn_41,COOH,0.8919521216521649,0.1927299999999735,0.5422799999999728
Sn,CONTCAR-18_Sn_41-2_Bi_60,OCHO,CONTCAR-3_Sn_43,COOH,0.04360832303493773,0.1927299999999735,0.7690899999999732
Sn,CONTCAR-18_Sn_41-2_Bi_60,OCHO,CONTCAR-4_Sn_44,COOH,0.8328601058315755,0.1927299999999735,0.1943899999999661
Sn,CONTCAR-18_Sn_41-2_Bi_60,OCHO,CONTCAR-5_Sn_45,COOH,0.5194689477797962,0.1927299999999735,0.9970399999999375
Sn,CONTCAR-18_Sn_41-2_Bi_60,OCHO,CONTCAR-6_Sn_47,COOH,0.6641338268178208,0.1927299999999735,0.7884799999999603
Sn,CONTCAR-18_Sn_41-2_Bi_60,OCHO,CONTCAR-7_Sn_48,COOH,0.35934138783679476,0.1927299999999735,0.8952699999999498
Sn,CONTCAR-18_Sn_41-2_Bi_60,OCHO,CONTCAR-9_Sn_51,COOH,-0.007182993770033805,0.1927299999999735,0.833489999999951
Sn,CONTCAR-19_Sn_43-2_Sn_53,OCHO,CONTCAR-10_Sn_52,COOH,0.6731819019928721,-0.06531000000002055,0.9506899999999194
Sn,CONTCAR-19_Sn_43-2_Sn_53,OCHO,CONTCAR-11_Sn_53,COOH,1.0,-0.06531000000002055,0.5377299999999212
Sn,CONTCAR-19_Sn_43-2_Sn_53,OCHO,CONTCAR-1_Sn_40,COOH,0.43070292213769645,-0.06531000000002055,0.2913699999999397
Sn,CONTCAR-19_Sn_43-2_Sn_53,OCHO,CONTCAR-2_Sn_41,COOH,-0.026874887973840925,-0.06531000000002055,0.5422799999999728
Sn,CONTCAR-19_Sn_43-2_Sn_53,OCHO,CONTCAR-3_Sn_43,COOH,0.7191172743961546,-0.06531000000002055,0.7690899999999732
Sn,CONTCAR-19_Sn_43-2_Sn_53,OCHO,CONTCAR-4_Sn_44,COOH,0.22424898838031707,-0.06531000000002055,0.1943899999999661
Sn,CONTCAR-19_Sn_43-2_Sn_53,OCHO,CONTCAR-5_Sn_45,COOH,0.3760777776388833,-0.06531000000002055,0.9970399999999375
Sn,CONTCAR-19_Sn_43-2_Sn_53,OCHO,CONTCAR-6_Sn_47,COOH,0.1359041724186156,-0.06531000000002055,0.7884799999999603
Sn,CONTCAR-19_Sn_43-2_Sn_53,OCHO,CONTCAR-7_Sn_48,COOH,0.3417251210912256,-0.06531000000002055,0.8952699999999498
Sn,CONTCAR-19_Sn_43-2_Sn_53,OCHO,CONTCAR-9_Sn_51,COOH,0.6871844531983752,-0.06531000000002055,0.833489999999951
Sn,CONTCAR-21_Sn_45-2_Bi_65,OCHO,CONTCAR-10_Sn_52,COOH,0.3769291313686485,0.2014699999999624,0.9506899999999194
Sn,CONTCAR-21_Sn_45-2_Bi_65,OCHO,CONTCAR-11_Sn_53,COOH,0.3065799379051726,0.2014699999999624,0.5377299999999212
Sn,CONTCAR-21_Sn_45-2_Bi_65,OCHO,CONTCAR-1_Sn_40,COOH,0.031922302695102246,0.2014699999999624,0.2913699999999397
Sn,CONTCAR-21_Sn_45-2_Bi_65,OCHO,CONTCAR-2_Sn_41,COOH,0.5027264921719803,0.2014699999999624,0.5422799999999728
Sn,CONTCAR-21_Sn_45-2_Bi_65,OCHO,CONTCAR-3_Sn_43,COOH,0.042673437879783706,0.2014699999999624,0.7690899999999732
Sn,CONTCAR-21_Sn_45-2_Bi_65,OCHO,CONTCAR-4_Sn_44,COOH,0.2934148242591219,0.2014699999999624,0.1943899999999661
Sn,CONTCAR-21_Sn_45-2_Bi_65,OCHO,CONTCAR-5_Sn_45,COOH,0.8101710564690895,0.2014699999999624,0.9970399999999375
Sn,CONTCAR-21_Sn_45-2_Bi_65,OCHO,CONTCAR-6_Sn_47,COOH,0.3611199638543787,0.2014699999999624,0.7884799999999603
Sn,CONTCAR-21_Sn_45-2_Bi_65,OCHO,CONTCAR-7_Sn_48,COOH,0.16287755300166992,0.2014699999999624,0.8952699999999498
Sn,CONTCAR-21_Sn_45-2_Bi_65,OCHO,CONTCAR-9_Sn_51,COOH,0.05192840689921633,0.2014699999999624,0.833489999999951
Sn,CONTCAR-23_Sn_48-1_Bi_59,OCHO,CONTCAR-10_Sn_52,COOH,0.2671602435664889,0.345999999999994,0.9506899999999194
Sn,CONTCAR-23_Sn_48-1_Bi_59,OCHO,CONTCAR-11_Sn_53,COOH,0.5157003931022079,0.345999999999994,0.5377299999999212
Sn,CONTCAR-23_Sn_48-1_Bi_59,OCHO,CONTCAR-1_Sn_40,COOH,0.12957336753853502,0.345999999999994,0.2913699999999397
Sn,CONTCAR-23_Sn_48-1_Bi_59,OCHO,CONTCAR-2_Sn_41,COOH,0.07762940939933521,0.345999999999994,0.5422799999999728
Sn,CONTCAR-23_Sn_48-1_Bi_59,OCHO,CONTCAR-3_Sn_43,COOH,0.3389512500974733,0.345999999999994,0.7690899999999732
Sn,CONTCAR-23_Sn_48-1_Bi_59,OCHO,CONTCAR-4_Sn_44,COOH,0.12268604597676623,0.345999999999994,0.1943899999999661
Sn,CONTCAR-23_Sn_48-1_Bi_59,OCHO,CONTCAR-5_Sn_45,COOH,0.04983004238499557,0.345999999999994,0.9970399999999375
Sn,CONTCAR-23_Sn_48-1_Bi_59,OCHO,CONTCAR-6_Sn_47,COOH,0.007839092556265033,0.345999999999994,0.7884799999999603
Sn,CONTCAR-23_Sn_48-1_Bi_59,OCHO,CONTCAR-7_Sn_48,COOH,0.7410452946367535,0.345999999999994,0.8952699999999498
Sn,CONTCAR-23_Sn_48-1_Bi_59,OCHO,CONTCAR-9_Sn_51,COOH,0.6858643730670783,0.345999999999994,0.833489999999951
Sn,CONTCAR-24_Sn_50-1_Sn_51,OCHO,CONTCAR-10_Sn_52,COOH,0.6011047212822909,0.2291499999999945,0.9506899999999194
Sn,CONTCAR-24_Sn_50-1_Sn_51,OCHO,CONTCAR-11_Sn_53,COOH,0.6705897728193473,0.2291499999999945,0.5377299999999212
Sn,CONTCAR-24_Sn_50-1_Sn_51,OCHO,CONTCAR-1_Sn_40,COOH,0.26320635499394374,0.2291499999999945,0.2913699999999397
Sn,CONTCAR-24_Sn_50-1_Sn_51,OCHO,CONTCAR-2_Sn_41,COOH,-0.16858895359452222,0.2291499999999945,0.5422799999999728
Sn,CONTCAR-24_Sn_50-1_Sn_51,OCHO,CONTCAR-3_Sn_43,COOH,0.42329588373527416,0.2291499999999945,0.7690899999999732
Sn,CONTCAR-24_Sn_50-1_Sn_51,OCHO,CONTCAR-4_Sn_44,COOH,-0.1675659772927122,0.2291499999999945,0.1943899999999661
Sn,CONTCAR-24_Sn_50-1_Sn_51,OCHO,CONTCAR-5_Sn_45,COOH,0.008094166920669521,0.2291499999999945,0.9970399999999375
Sn,CONTCAR-24_Sn_50-1_Sn_51,OCHO,CONTCAR-6_Sn_47,COOH,-0.09000104066008582,0.2291499999999945,0.7884799999999603
Sn,CONTCAR-24_Sn_50-1_Sn_51,OCHO,CONTCAR-7_Sn_48,COOH,0.47557931880491155,0.2291499999999945,0.8952699999999498
Sn,CONTCAR-24_Sn_50-1_Sn_51,OCHO,CONTCAR-9_Sn_51,COOH,0.9839588280098602,0.2291499999999945,0.833489999999951
Sn,CONTCAR-24_Sn_50-2_Bi_66,OCHO,CONTCAR-10_Sn_52,COOH,0.5143356283859478,0.3762699999999671,0.9506899999999194
Sn,CONTCAR-24_Sn_50-2_Bi_66,OCHO,CONTCAR-11_Sn_53,COOH,0.536973524470904,0.3762699999999671,0.5377299999999212
Sn,CONTCAR-24_Sn_50-2_Bi_66,OCHO,CONTCAR-1_Sn_40,COOH,0.48712638501925426,0.3762699999999671,0.2913699999999397
Sn,CONTCAR-24_Sn_50-2_Bi_66,OCHO,CONTCAR-2_Sn_41,COOH,0.1478429614970222,0.3762699999999671,0.5422799999999728
Sn,CONTCAR-24_Sn_50-2_Bi_66,OCHO,CONTCAR-3_Sn_43,COOH,0.2964863025454284,0.3762699999999671,0.7690899999999732
Sn,CONTCAR-24_Sn_50-2_Bi_66,OCHO,CONTCAR-4_Sn_44,COOH,0.1811826064062491,0.3762699999999671,0.1943899999999661
Sn,CONTCAR-24_Sn_50-2_Bi_66,OCHO,CONTCAR-5_Sn_45,COOH,0.008459245588075313,0.3762699999999671,0.9970399999999375
Sn,CONTCAR-24_Sn_50-2_Bi_66,OCHO,CONTCAR-6_Sn_47,COOH,0.14810800520957942,0.3762699999999671,0.7884799999999603
Sn,CONTCAR-24_Sn_50-2_Bi_66,OCHO,CONTCAR-7_Sn_48,COOH,0.7069219491763502,0.3762699999999671,0.8952699999999498
Sn,CONTCAR-24_Sn_50-2_Bi_66,OCHO,CONTCAR-9_Sn_51,COOH,0.8567221926031413,0.3762699999999671,0.833489999999951
Sn,CONTCAR-25_Sn_51-1_Sn_53,OCHO,CONTCAR-10_Sn_52,COOH,0.6641066355411184,0.01902999999997687,0.9506899999999194
Sn,CONTCAR-25_Sn_51-1_Sn_53,OCHO,CONTCAR-11_Sn_53,COOH,0.9974282623221371,0.01902999999997687,0.5377299999999212
Sn,CONTCAR-25_Sn_51-1_Sn_53,OCHO,CONTCAR-1_Sn_40,COOH,0.4482902693454593,0.01902999999997687,0.2913699999999397
Sn,CONTCAR-25_Sn_51-1_Sn_53,OCHO,CONTCAR-2_Sn_41,COOH,-0.026344573962548454,0.01902999999997687,0.5422799999999728
Sn,CONTCAR-25_Sn_51-1_Sn_53,OCHO,CONTCAR-3_Sn_43,COOH,0.7238520338719597,0.01902999999997687,0.7690899999999732
Sn,CONTCAR-25_Sn_51-1_Sn_53,OCHO,CONTCAR-4_Sn_44,COOH,0.21982395112352932,0.01902999999997687,0.1943899999999661
Sn,CONTCAR-25_Sn_51-1_Sn_53,OCHO,CONTCAR-5_Sn_45,COOH,0.3686567489442982,0.01902999999997687,0.9970399999999375
Sn,CONTCAR-25_Sn_51-1_Sn_53,OCHO,CONTCAR-6_Sn_47,COOH,0.13322241661383416,0.01902999999997687,0.7884799999999603
Sn,CONTCAR-25_Sn_51-1_Sn_53,OCHO,CONTCAR-7_Sn_48,COOH,0.33471930751472745,0.01902999999997687,0.8952699999999498
Sn,CONTCAR-25_Sn_51-1_Sn_53,OCHO,CONTCAR-9_Sn_51,COOH,0.6911092713792298,0.01902999999997687,0.833489999999951
Sn,CONTCAR-25_Sn_51-2_Bi_66,OCHO,CONTCAR-10_Sn_52,COOH,0.6011047212822909,0.229229999999963,0.9506899999999194
Sn,CONTCAR-25_Sn_51-2_Bi_66,OCHO,CONTCAR-11_Sn_53,COOH,0.6705897728193473,0.229229999999963,0.5377299999999212
Sn,CONTCAR-25_Sn_51-2_Bi_66,OCHO,CONTCAR-1_Sn_40,COOH,0.26320635499394374,0.229229999999963,0.2913699999999397
Sn,CONTCAR-25_Sn_51-2_Bi_66,OCHO,CONTCAR-2_Sn_41,COOH,-0.16858895359452222,0.229229999999963,0.5422799999999728
Sn,CONTCAR-25_Sn_51-2_Bi_66,OCHO,CONTCAR-3_Sn_43,COOH,0.42329588373527416,0.229229999999963,0.7690899999999732
Sn,CONTCAR-25_Sn_51-2_Bi_66,OCHO,CONTCAR-4_Sn_44,COOH,-0.1675659772927122,0.229229999999963,0.1943899999999661
Sn,CONTCAR-25_Sn_51-2_Bi_66,OCHO,CONTCAR-5_Sn_45,COOH,0.008094166920669521,0.229229999999963,0.9970399999999375
Sn,CONTCAR-25_Sn_51-2_Bi_66,OCHO,CONTCAR-6_Sn_47,COOH,-0.09000104066008582,0.229229999999963,0.7884799999999603
Sn,CONTCAR-25_Sn_51-2_Bi_66,OCHO,CONTCAR-7_Sn_48,COOH,0.47557931880491155,0.229229999999963,0.8952699999999498
Sn,CONTCAR-25_Sn_51-2_Bi_66,OCHO,CONTCAR-9_Sn_51,COOH,0.9839588280098602,0.229229999999963,0.833489999999951
Sn,CONTCAR-27_Sn_53-1_Bi_63,OCHO,CONTCAR-10_Sn_52,COOH,0.6641066355411184,-0.04406000000001145,0.9506899999999194
Sn,CONTCAR-27_Sn_53-1_Bi_63,OCHO,CONTCAR-11_Sn_53,COOH,0.9974282623221371,-0.04406000000001145,0.5377299999999212
Sn,CONTCAR-27_Sn_53-1_Bi_63,OCHO,CONTCAR-1_Sn_40,COOH,0.4482902693454593,-0.04406000000001145,0.2913699999999397
Sn,CONTCAR-27_Sn_53-1_Bi_63,OCHO,CONTCAR-2_Sn_41,COOH,-0.026344573962548454,-0.04406000000001145,0.5422799999999728
Sn,CONTCAR-27_Sn_53-1_Bi_63,OCHO,CONTCAR-3_Sn_43,COOH,0.7238520338719597,-0.04406000000001145,0.7690899999999732
Sn,CONTCAR-27_Sn_53-1_Bi_63,OCHO,CONTCAR-4_Sn_44,COOH,0.21982395112352932,-0.04406000000001145,0.1943899999999661
Sn,CONTCAR-27_Sn_53-1_Bi_63,OCHO,CONTCAR-5_Sn_45,COOH,0.3686567489442982,-0.04406000000001145,0.9970399999999375
Sn,CONTCAR-27_Sn_53-1_Bi_63,OCHO,CONTCAR-6_Sn_47,COOH,0.13322241661383416,-0.04406000000001145,0.7884799999999603
Sn,CONTCAR-27_Sn_53-1_Bi_63,OCHO,CONTCAR-7_Sn_48,COOH,0.33471930751472745,-0.04406000000001145,0.8952699999999498
Sn,CONTCAR-27_Sn_53-1_Bi_63,OCHO,CONTCAR-9_Sn_51,COOH,0.6911092713792298,-0.04406000000001145,0.833489999999951
