elem,material_id_a,adsorbate_type_a,material_id_b,adsorbate_type_b,similarity,delta_G_OCHO,delta_G_COOH
Bi,CONTCAR-10_Bi_51-1_Bi_21,OCHO,CONTCAR-10_Bi_56,COOH,-0.21236950993376297,0.41906000000004895,1.1744700000000097
Bi,CONTCAR-10_Bi_51-1_Bi_21,OCHO,CONTCAR-1_Bi_53,COOH,0.2706947312870824,0.41906000000004895,1.1691699999999758
Bi,CONTCAR-10_Bi_51-1_Bi_21,OCHO,CONTCAR-2_Bi_9,COOH,0.7399244640458809,0.41906000000004895,1.175089999999979
Bi,CONTCAR-10_Bi_51-1_Bi_21,OCHO,CONTCAR-3_Bi_1,COOH,0.4988097723176708,0.41906000000004895,1.1828000000000105
Bi,CONTCAR-10_Bi_51-1_Bi_21,OCHO,CONTCAR-4_Bi_61,COOH,0.6466983953786812,0.41906000000004895,1.1484200000000118
Bi,CONTCAR-10_Bi_51-1_Bi_21,OCHO,CONTCAR-5_Bi_23,COOH,-0.11023283103449733,0.41906000000004895,0.9523900000000043
Bi,CONTCAR-10_Bi_51-1_Bi_21,OCHO,CONTCAR-6_Bi_18,COOH,0.3039273434104256,0.41906000000004895,0.9278299999999962
Bi,CONTCAR-10_Bi_51-1_Bi_21,OCHO,CONTCAR-7_Bi_16,COOH,-0.5204756962951411,0.41906000000004895,1.1616699999999827
Bi,CONTCAR-10_Bi_51-1_Bi_21,OCHO,CONTCAR-8_Bi_10,COOH,0.7423616372011866,0.41906000000004895,0.8883199999999891
Bi,CONTCAR-10_Bi_51-1_Bi_21,OCHO,CONTCAR-9_Bi_8,COOH,0.3666815282729344,0.41906000000004895,0.9278799999999836
Bi,CONTCAR-1_Bi_35-1_Bi_51,OCHO,CONTCAR-10_Bi_56,COOH,-0.21128011070745398,0.39166000000004886,1.1744700000000097
Bi,CONTCAR-1_Bi_35-1_Bi_51,OCHO,CONTCAR-1_Bi_53,COOH,0.005002543297473462,0.39166000000004886,1.1691699999999758
Bi,CONTCAR-1_Bi_35-1_Bi_51,OCHO,CONTCAR-2_Bi_9,COOH,0.6596428776382691,0.39166000000004886,1.175089999999979
Bi,CONTCAR-1_Bi_35-1_Bi_51,OCHO,CONTCAR-3_Bi_1,COOH,0.7246711610074437,0.39166000000004886,1.1828000000000105
Bi,CONTCAR-1_Bi_35-1_Bi_51,OCHO,CONTCAR-4_Bi_61,COOH,0.4986395004784558,0.39166000000004886,1.1484200000000118
Bi,CONTCAR-1_Bi_35-1_Bi_51,OCHO,CONTCAR-5_Bi_23,COOH,-0.27318616653957944,0.39166000000004886,0.9523900000000043
Bi,CONTCAR-1_Bi_35-1_Bi_51,OCHO,CONTCAR-6_Bi_18,COOH,0.43314859682184687,0.39166000000004886,0.9278299999999962
Bi,CONTCAR-1_Bi_35-1_Bi_51,OCHO,CONTCAR-7_Bi_16,COOH,-0.740490140470187,0.39166000000004886,1.1616699999999827
Bi,CONTCAR-1_Bi_35-1_Bi_51,OCHO,CONTCAR-8_Bi_10,COOH,0.6944762002083379,0.39166000000004886,0.8883199999999891
Bi,CONTCAR-1_Bi_35-1_Bi_51,OCHO,CONTCAR-9_Bi_8,COOH,0.07746361243483618,0.39166000000004886,0.9278799999999836
Bi,CONTCAR-2_Bi_42-1_Bi_63,OCHO,CONTCAR-10_Bi_56,COOH,-0.14649155289347382,0.09345000000000878,1.1744700000000097
Bi,CONTCAR-2_Bi_42-1_Bi_63,OCHO,CONTCAR-1_Bi_53,COOH,-0.7230017067977788,0.09345000000000878,1.1691699999999758
Bi,CONTCAR-2_Bi_42-1_Bi_63,OCHO,CONTCAR-2_Bi_9,COOH,-0.48532057226867487,0.09345000000000878,1.175089999999979
Bi,CONTCAR-2_Bi_42-1_Bi_63,OCHO,CONTCAR-3_Bi_1,COOH,-0.15139278973451417,0.09345000000000878,1.1828000000000105
Bi,CONTCAR-2_Bi_42-1_Bi_63,OCHO,CONTCAR-4_Bi_61,COOH,-0.9262592371400541,0.09345000000000878,1.1484200000000118
Bi,CONTCAR-2_Bi_42-1_Bi_63,OCHO,CONTCAR-5_Bi_23,COOH,0.12556149018697876,0.09345000000000878,0.9523900000000043
Bi,CONTCAR-2_Bi_42-1_Bi_63,OCHO,CONTCAR-6_Bi_18,COOH,0.20399274541413956,0.09345000000000878,0.9278299999999962
Bi,CONTCAR-2_Bi_42-1_Bi_63,OCHO,CONTCAR-7_Bi_16,COOH,0.18059668244130384,0.09345000000000878,1.1616699999999827
Bi,CONTCAR-2_Bi_42-1_Bi_63,OCHO,CONTCAR-8_Bi_10,COOH,-0.8700537211224331,0.09345000000000878,0.8883199999999891
Bi,CONTCAR-2_Bi_42-1_Bi_63,OCHO,CONTCAR-9_Bi_8,COOH,-0.7268101991798132,0.09345000000000878,0.9278799999999836
Bi,CONTCAR-3_Bi_52-1_Bi_62,OCHO,CONTCAR-10_Bi_56,COOH,-0.5718535288772549,0.14387000000003977,1.1744700000000097
Bi,CONTCAR-3_Bi_52-1_Bi_62,OCHO,CONTCAR-1_Bi_53,COOH,-0.5361537918108512,0.14387000000003977,1.1691699999999758
Bi,CONTCAR-3_Bi_52-1_Bi_62,OCHO,CONTCAR-2_Bi_9,COOH,-0.030929988365253683,0.14387000000003977,1.175089999999979
Bi,CONTCAR-3_Bi_52-1_Bi_62,OCHO,CONTCAR-3_Bi_1,COOH,-0.46347691320070583,0.14387000000003977,1.1828000000000105
Bi,CONTCAR-3_Bi_52-1_Bi_62,OCHO,CONTCAR-4_Bi_61,COOH,-0.9292668957565074,0.14387000000003977,1.1484200000000118
Bi,CONTCAR-3_Bi_52-1_Bi_62,OCHO,CONTCAR-5_Bi_23,COOH,0.6501018311174951,0.14387000000003977,0.9523900000000043
Bi,CONTCAR-3_Bi_52-1_Bi_62,OCHO,CONTCAR-6_Bi_18,COOH,0.41307189194758187,0.14387000000003977,0.9278299999999962
Bi,CONTCAR-3_Bi_52-1_Bi_62,OCHO,CONTCAR-7_Bi_16,COOH,0.4878124297468627,0.14387000000003977,1.1616699999999827
Bi,CONTCAR-3_Bi_52-1_Bi_62,OCHO,CONTCAR-8_Bi_10,COOH,-0.9959415727484555,0.14387000000003977,0.8883199999999891
Bi,CONTCAR-3_Bi_52-1_Bi_62,OCHO,CONTCAR-9_Bi_8,COOH,-0.36698149167353783,0.14387000000003977,0.9278799999999836
Bi,CONTCAR-4_Bi_33-1_Bi_55,OCHO,CONTCAR-10_Bi_56,COOH,0.745601642638546,0.09339000000004657,1.1744700000000097
Bi,CONTCAR-4_Bi_33-1_Bi_55,OCHO,CONTCAR-1_Bi_53,COOH,-0.22124779391043436,0.09339000000004657,1.1691699999999758
Bi,CONTCAR-4_Bi_33-1_Bi_55,OCHO,CONTCAR-2_Bi_9,COOH,-0.6404274720739842,0.09339000000004657,1.175089999999979
Bi,CONTCAR-4_Bi_33-1_Bi_55,OCHO,CONTCAR-3_Bi_1,COOH,0.6744608228180592,0.09339000000004657,1.1828000000000105
Bi,CONTCAR-4_Bi_33-1_Bi_55,OCHO,CONTCAR-4_Bi_61,COOH,0.21301440923407688,0.09339000000004657,1.1484200000000118
Bi,CONTCAR-4_Bi_33-1_Bi_55,OCHO,CONTCAR-5_Bi_23,COOH,-0.9844737066756655,0.09339000000004657,0.9523900000000043
Bi,CONTCAR-4_Bi_33-1_Bi_55,OCHO,CONTCAR-6_Bi_18,COOH,-0.34109638493144645,0.09339000000004657,0.9278299999999962
Bi,CONTCAR-4_Bi_33-1_Bi_55,OCHO,CONTCAR-7_Bi_16,COOH,-0.6724087849857702,0.09339000000004657,1.1616699999999827
Bi,CONTCAR-4_Bi_33-1_Bi_55,OCHO,CONTCAR-8_Bi_10,COOH,0.4488794329362263,0.09339000000004657,0.8883199999999891
Bi,CONTCAR-4_Bi_33-1_Bi_55,OCHO,CONTCAR-9_Bi_8,COOH,-0.5167825403798014,0.09339000000004657,0.9278799999999836
Bi,CONTCAR-5_Bi_66-1_Bi_5,OCHO,CONTCAR-10_Bi_56,COOH,0.8706371609909822,0.1415000000000549,1.1744700000000097
Bi,CONTCAR-5_Bi_66-1_Bi_5,OCHO,CONTCAR-1_Bi_53,COOH,0.6728308608864111,0.1415000000000549,1.1691699999999758
Bi,CONTCAR-5_Bi_66-1_Bi_5,OCHO,CONTCAR-2_Bi_9,COOH,-0.7030224705117952,0.1415000000000549,1.175089999999979
Bi,CONTCAR-5_Bi_66-1_Bi_5,OCHO,CONTCAR-3_Bi_1,COOH,-0.4103285016228732,0.1415000000000549,1.1828000000000105
Bi,CONTCAR-5_Bi_66-1_Bi_5,OCHO,CONTCAR-4_Bi_61,COOH,0.49055041502349683,0.1415000000000549,1.1484200000000118
Bi,CONTCAR-5_Bi_66-1_Bi_5,OCHO,CONTCAR-5_Bi_23,COOH,-0.3389906426169553,0.1415000000000549,0.9523900000000043
Bi,CONTCAR-5_Bi_66-1_Bi_5,OCHO,CONTCAR-6_Bi_18,COOH,-0.9988645305112377,0.1415000000000549,0.9278299999999962
Bi,CONTCAR-5_Bi_66-1_Bi_5,OCHO,CONTCAR-7_Bi_16,COOH,0.40000284714983486,0.1415000000000549,1.1616699999999827
Bi,CONTCAR-5_Bi_66-1_Bi_5,OCHO,CONTCAR-8_Bi_10,COOH,0.3020355634718042,0.1415000000000549,0.8883199999999891
Bi,CONTCAR-5_Bi_66-1_Bi_5,OCHO,CONTCAR-9_Bi_8,COOH,0.41172607577353343,0.1415000000000549,0.9278799999999836
Bi,CONTCAR-6_Bi_47-1_Bi_65,OCHO,CONTCAR-10_Bi_56,COOH,-0.6135728609692334,0.2704000000000423,1.1744700000000097
Bi,CONTCAR-6_Bi_47-1_Bi_65,OCHO,CONTCAR-1_Bi_53,COOH,0.43391941931869693,0.2704000000000423,1.1691699999999758
Bi,CONTCAR-6_Bi_47-1_Bi_65,OCHO,CONTCAR-2_Bi_9,COOH,0.9116221685889097,0.2704000000000423,1.175089999999979
Bi,CONTCAR-6_Bi_47-1_Bi_65,OCHO,CONTCAR-3_Bi_1,COOH,-0.22722726378267968,0.2704000000000423,1.1828000000000105
Bi,CONTCAR-6_Bi_47-1_Bi_65,OCHO,CONTCAR-4_Bi_61,COOH,0.3346481643405533,0.2704000000000423,1.1484200000000118
Bi,CONTCAR-6_Bi_47-1_Bi_65,OCHO,CONTCAR-5_Bi_23,COOH,0.640635544088238,0.2704000000000423,0.9523900000000043
Bi,CONTCAR-6_Bi_47-1_Bi_65,OCHO,CONTCAR-6_Bi_18,COOH,0.35005619998449095,0.2704000000000423,0.9278299999999962
Bi,CONTCAR-6_Bi_47-1_Bi_65,OCHO,CONTCAR-7_Bi_16,COOH,0.209686170506141,0.2704000000000423,1.1616699999999827
Bi,CONTCAR-6_Bi_47-1_Bi_65,OCHO,CONTCAR-8_Bi_10,COOH,0.19624800798796074,0.2704000000000423,0.8883199999999891
Bi,CONTCAR-6_Bi_47-1_Bi_65,OCHO,CONTCAR-9_Bi_8,COOH,0.6951287840707819,0.2704000000000423,0.9278799999999836
Bi,CONTCAR-7_Bi_14-1_Bi_36,OCHO,CONTCAR-10_Bi_56,COOH,0.280786401766034,0.2505500000000228,1.1744700000000097
Bi,CONTCAR-7_Bi_14-1_Bi_36,OCHO,CONTCAR-1_Bi_53,COOH,0.656451342842307,0.2505500000000228,1.1691699999999758
Bi,CONTCAR-7_Bi_14-1_Bi_36,OCHO,CONTCAR-2_Bi_9,COOH,-0.339984042567052,0.2505500000000228,1.175089999999979
Bi,CONTCAR-7_Bi_14-1_Bi_36,OCHO,CONTCAR-3_Bi_1,COOH,-0.9328420166844912,0.2505500000000228,1.1828000000000105
Bi,CONTCAR-7_Bi_14-1_Bi_36,OCHO,CONTCAR-4_Bi_61,COOH,0.11192775530146323,0.2505500000000228,1.1484200000000118
Bi,CONTCAR-7_Bi_14-1_Bi_36,OCHO,CONTCAR-5_Bi_23,COOH,0.41347966606218334,0.2505500000000228,0.9523900000000043
Bi,CONTCAR-7_Bi_14-1_Bi_36,OCHO,CONTCAR-6_Bi_18,COOH,-0.6892050251309272,0.2505500000000228,0.9278299999999962
Bi,CONTCAR-7_Bi_14-1_Bi_36,OCHO,CONTCAR-7_Bi_16,COOH,0.9279863948278152,0.2505500000000228,1.1616699999999827
Bi,CONTCAR-7_Bi_14-1_Bi_36,OCHO,CONTCAR-8_Bi_10,COOH,-0.23318860650091608,0.2505500000000228,0.8883199999999891
Bi,CONTCAR-7_Bi_14-1_Bi_36,OCHO,CONTCAR-9_Bi_8,COOH,0.6135806321307954,0.2505500000000228,0.9278799999999836
Bi,CONTCAR-8_Bi_40-1_Bi_64,OCHO,CONTCAR-10_Bi_56,COOH,-0.21043937010547817,0.39732000000002643,1.1744700000000097
Bi,CONTCAR-8_Bi_40-1_Bi_64,OCHO,CONTCAR-1_Bi_53,COOH,0.7380986504224366,0.39732000000002643,1.1691699999999758
Bi,CONTCAR-8_Bi_40-1_Bi_64,OCHO,CONTCAR-2_Bi_9,COOH,0.3320485949615334,0.39732000000002643,1.175089999999979
Bi,CONTCAR-8_Bi_40-1_Bi_64,OCHO,CONTCAR-3_Bi_1,COOH,-0.8516816537060901,0.39732000000002643,1.1828000000000105
Bi,CONTCAR-8_Bi_40-1_Bi_64,OCHO,CONTCAR-4_Bi_61,COOH,0.2571006965271286,0.39732000000002643,1.1484200000000118
Bi,CONTCAR-8_Bi_40-1_Bi_64,OCHO,CONTCAR-5_Bi_23,COOH,0.7420329754260387,0.39732000000002643,0.9523900000000043
Bi,CONTCAR-8_Bi_40-1_Bi_64,OCHO,CONTCAR-6_Bi_18,COOH,-0.26557405102822634,0.39732000000002643,0.9278299999999962
Bi,CONTCAR-8_Bi_40-1_Bi_64,OCHO,CONTCAR-7_Bi_16,COOH,0.8379135999579229,0.39732000000002643,1.1616699999999827
Bi,CONTCAR-8_Bi_40-1_Bi_64,OCHO,CONTCAR-8_Bi_10,COOH,-0.08831754004141086,0.39732000000002643,0.8883199999999891
Bi,CONTCAR-8_Bi_40-1_Bi_64,OCHO,CONTCAR-9_Bi_8,COOH,0.8809512590213101,0.39732000000002643,0.9278799999999836
Bi,CONTCAR-9_Bi_9-1_Bi_54,OCHO,CONTCAR-10_Bi_56,COOH,-0.9426622279173806,0.40795000000001835,1.1744700000000097
Bi,CONTCAR-9_Bi_9-1_Bi_54,OCHO,CONTCAR-1_Bi_53,COOH,-0.1624677106738259,0.40795000000001835,1.1691699999999758
Bi,CONTCAR-9_Bi_9-1_Bi_54,OCHO,CONTCAR-2_Bi_9,COOH,0.949576427471317,0.40795000000001835,1.175089999999979
Bi,CONTCAR-9_Bi_9-1_Bi_54,OCHO,CONTCAR-3_Bi_1,COOH,-0.0018659411293928676,0.40795000000001835,1.1828000000000105
Bi,CONTCAR-9_Bi_9-1_Bi_54,OCHO,CONTCAR-4_Bi_61,COOH,-0.19180496855143853,0.40795000000001835,1.1484200000000118
Bi,CONTCAR-9_Bi_9-1_Bi_54,OCHO,CONTCAR-5_Bi_23,COOH,0.6915522667030471,0.40795000000001835,0.9523900000000043
Bi,CONTCAR-9_Bi_9-1_Bi_54,OCHO,CONTCAR-6_Bi_18,COOH,0.816727653312415,0.40795000000001835,0.9278299999999962
Bi,CONTCAR-9_Bi_9-1_Bi_54,OCHO,CONTCAR-7_Bi_16,COOH,-5.736154439833774e-05,0.40795000000001835,1.1616699999999827
Bi,CONTCAR-9_Bi_9-1_Bi_54,OCHO,CONTCAR-8_Bi_10,COOH,-0.19131106569176418,0.40795000000001835,0.8883199999999891
Bi,CONTCAR-9_Bi_9-1_Bi_54,OCHO,CONTCAR-9_Bi_8,COOH,0.1692539790344493,0.40795000000001835,0.9278799999999836
Co,CONTCAR-10_Co_38-1_Co_67,OCHO,CONTCAR-1_Co_53,COOH,-0.9177790530338436,-6.972099999999964,-5.740449999999985
Co,CONTCAR-10_Co_38-1_Co_67,OCHO,CONTCAR-2_Co_9,COOH,0.02881305661166046,-6.972099999999964,0.5825799999999748
Co,CONTCAR-10_Co_38-1_Co_67,OCHO,CONTCAR-3_Co_1,COOH,0.7776833197289207,-6.972099999999964,-4.1793800000000125
Co,CONTCAR-10_Co_38-1_Co_67,OCHO,CONTCAR-4_Co_61,COOH,-0.7070855196805524,-6.972099999999964,-2.17048000000003
Co,CONTCAR-10_Co_38-1_Co_67,OCHO,CONTCAR-5_Co_23,COOH,-0.3669949723171494,-6.972099999999964,-5.775650000000017
Co,CONTCAR-10_Co_38-1_Co_67,OCHO,CONTCAR-6_Co_18,COOH,0.7727644786519263,-6.972099999999964,-6.595600000000022
Co,CONTCAR-10_Co_38-1_Co_67,OCHO,CONTCAR-7_Co_16,COOH,-0.8246868758716163,-6.972099999999964,-5.542940000000019
Co,CONTCAR-10_Co_38-1_Co_67,OCHO,CONTCAR-8_Co_10,COOH,-0.27142170510263286,-6.972099999999964,-0.5955500000000353
Co,CONTCAR-10_Co_38-1_Co_67,OCHO,CONTCAR-9_Co_8,COOH,-0.10213976364783263,-6.972099999999964,-6.299350000000036
Co,CONTCAR-1_Co_60-1_Co_61,OCHO,CONTCAR-1_Co_53,COOH,0.6109606612554181,-4.299059999999949,-5.740449999999985
Co,CONTCAR-1_Co_60-1_Co_61,OCHO,CONTCAR-2_Co_9,COOH,-0.5107968618775572,-4.299059999999949,0.5825799999999748
Co,CONTCAR-1_Co_60-1_Co_61,OCHO,CONTCAR-3_Co_1,COOH,0.16773793056522532,-4.299059999999949,-4.1793800000000125
Co,CONTCAR-1_Co_60-1_Co_61,OCHO,CONTCAR-4_Co_61,COOH,0.9031855476952076,-4.299059999999949,-2.17048000000003
Co,CONTCAR-1_Co_60-1_Co_61,OCHO,CONTCAR-5_Co_23,COOH,-0.6763785883842361,-4.299059999999949,-5.775650000000017
Co,CONTCAR-1_Co_60-1_Co_61,OCHO,CONTCAR-6_Co_18,COOH,-0.7657536468281418,-4.299059999999949,-6.595600000000022
Co,CONTCAR-1_Co_60-1_Co_61,OCHO,CONTCAR-7_Co_16,COOH,-0.1552733730887688,-4.299059999999949,-5.542940000000019
Co,CONTCAR-1_Co_60-1_Co_61,OCHO,CONTCAR-8_Co_10,COOH,0.8499830694271494,-4.299059999999949,-0.5955500000000353
Co,CONTCAR-1_Co_60-1_Co_61,OCHO,CONTCAR-9_Co_8,COOH,-0.46134486550208165,-4.299059999999949,-6.299350000000036
Co,CONTCAR-2_Co_56-1_Co_57,OCHO,CONTCAR-1_Co_53,COOH,0.010501152790481557,-7.19856999999997,-5.740449999999985
Co,CONTCAR-2_Co_56-1_Co_57,OCHO,CONTCAR-2_Co_9,COOH,-0.9689366254087896,-7.19856999999997,0.5825799999999748
Co,CONTCAR-2_Co_56-1_Co_57,OCHO,CONTCAR-3_Co_1,COOH,0.13776532286822699,-7.19856999999997,-4.1793800000000125
Co,CONTCAR-2_Co_56-1_Co_57,OCHO,CONTCAR-4_Co_61,COOH,0.369353239581798,-7.19856999999997,-2.17048000000003
Co,CONTCAR-2_Co_56-1_Co_57,OCHO,CONTCAR-5_Co_23,COOH,-0.8139043738163958,-7.19856999999997,-5.775650000000017
Co,CONTCAR-2_Co_56-1_Co_57,OCHO,CONTCAR-6_Co_18,COOH,-0.6475383558979341,-7.19856999999997,-6.595600000000022
Co,CONTCAR-2_Co_56-1_Co_57,OCHO,CONTCAR-7_Co_16,COOH,-0.246485495457409,-7.19856999999997,-5.542940000000019
Co,CONTCAR-2_Co_56-1_Co_57,OCHO,CONTCAR-8_Co_10,COOH,0.24756922862639083,-7.19856999999997,-0.5955500000000353
Co,CONTCAR-2_Co_56-1_Co_57,OCHO,CONTCAR-9_Co_8,COOH,-0.9636006535471434,-7.19856999999997,-6.299350000000036
Co,CONTCAR-3_Co_21-1_Co_51,OCHO,CONTCAR-1_Co_53,COOH,0.39312228023980444,-6.206699999999964,-5.740449999999985
Co,CONTCAR-3_Co_21-1_Co_51,OCHO,CONTCAR-2_Co_9,COOH,0.4655783346100572,-6.206699999999964,0.5825799999999748
Co,CONTCAR-3_Co_21-1_Co_51,OCHO,CONTCAR-3_Co_1,COOH,0.553039792727572,-6.206699999999964,-4.1793800000000125
Co,CONTCAR-3_Co_21-1_Co_51,OCHO,CONTCAR-4_Co_61,COOH,0.5154416196916723,-6.206699999999964,-2.17048000000003
Co,CONTCAR-3_Co_21-1_Co_51,OCHO,CONTCAR-5_Co_23,COOH,-0.23208849889303632,-6.206699999999964,-5.775650000000017
Co,CONTCAR-3_Co_21-1_Co_51,OCHO,CONTCAR-6_Co_18,COOH,0.09840471962471169,-6.206699999999964,-6.595600000000022
Co,CONTCAR-3_Co_21-1_Co_51,OCHO,CONTCAR-7_Co_16,COOH,-0.42153562481135104,-6.206699999999964,-5.542940000000019
Co,CONTCAR-3_Co_21-1_Co_51,OCHO,CONTCAR-8_Co_10,COOH,0.8509696509072376,-6.206699999999964,-0.5955500000000353
Co,CONTCAR-3_Co_21-1_Co_51,OCHO,CONTCAR-9_Co_8,COOH,0.4575433982186351,-6.206699999999964,-6.299350000000036
Co,CONTCAR-4_Co_24-1_Co_25,OCHO,CONTCAR-1_Co_53,COOH,-0.2758579765787429,-5.707069999999996,-5.740449999999985
Co,CONTCAR-4_Co_24-1_Co_25,OCHO,CONTCAR-2_Co_9,COOH,0.6993871639901876,-5.707069999999996,0.5825799999999748
Co,CONTCAR-4_Co_24-1_Co_25,OCHO,CONTCAR-3_Co_1,COOH,0.7322121733613877,-5.707069999999996,-4.1793800000000125
Co,CONTCAR-4_Co_24-1_Co_25,OCHO,CONTCAR-4_Co_61,COOH,-0.22426798618195265,-5.707069999999996,-2.17048000000003
Co,CONTCAR-4_Co_24-1_Co_25,OCHO,CONTCAR-5_Co_23,COOH,-0.025789409275796055,-5.707069999999996,-5.775650000000017
Co,CONTCAR-4_Co_24-1_Co_25,OCHO,CONTCAR-6_Co_18,COOH,0.7596281299762481,-5.707069999999996,-6.595600000000022
Co,CONTCAR-4_Co_24-1_Co_25,OCHO,CONTCAR-7_Co_16,COOH,-0.6322748046273754,-5.707069999999996,-5.542940000000019
Co,CONTCAR-4_Co_24-1_Co_25,OCHO,CONTCAR-8_Co_10,COOH,0.28221745887945526,-5.707069999999996,-0.5955500000000353
Co,CONTCAR-4_Co_24-1_Co_25,OCHO,CONTCAR-9_Co_8,COOH,0.6181355022285075,-5.707069999999996,-6.299350000000036
Co,CONTCAR-5_Co_34-1_Co_60,OCHO,CONTCAR-1_Co_53,COOH,0.5126942630923447,-4.952319999999995,-5.740449999999985
Co,CONTCAR-5_Co_34-1_Co_60,OCHO,CONTCAR-2_Co_9,COOH,-0.5546902913882658,-4.952319999999995,0.5825799999999748
Co,CONTCAR-5_Co_34-1_Co_60,OCHO,CONTCAR-3_Co_1,COOH,0.2630139144197161,-4.952319999999995,-4.1793800000000125
Co,CONTCAR-5_Co_34-1_Co_60,OCHO,CONTCAR-4_Co_61,COOH,0.8469960457454317,-4.952319999999995,-2.17048000000003
Co,CONTCAR-5_Co_34-1_Co_60,OCHO,CONTCAR-5_Co_23,COOH,-0.7594020318061361,-4.952319999999995,-5.775650000000017
Co,CONTCAR-5_Co_34-1_Co_60,OCHO,CONTCAR-6_Co_18,COOH,-0.7134076421338819,-4.952319999999995,-6.595600000000022
Co,CONTCAR-5_Co_34-1_Co_60,OCHO,CONTCAR-7_Co_16,COOH,-0.26058761841448075,-4.952319999999995,-5.542940000000019
Co,CONTCAR-5_Co_34-1_Co_60,OCHO,CONTCAR-8_Co_10,COOH,0.8371479125654827,-4.952319999999995,-0.5955500000000353
Co,CONTCAR-5_Co_34-1_Co_60,OCHO,CONTCAR-9_Co_8,COOH,-0.519391156627679,-4.952319999999995,-6.299350000000036
Co,CONTCAR-6_Co_11-1_Co_63,OCHO,CONTCAR-1_Co_53,COOH,-0.7199744684543701,-7.211379999999972,-5.740449999999985
Co,CONTCAR-6_Co_11-1_Co_63,OCHO,CONTCAR-2_Co_9,COOH,-0.17330303234826017,-7.211379999999972,0.5825799999999748
Co,CONTCAR-6_Co_11-1_Co_63,OCHO,CONTCAR-3_Co_1,COOH,-0.2683220147990551,-7.211379999999972,-4.1793800000000125
Co,CONTCAR-6_Co_11-1_Co_63,OCHO,CONTCAR-4_Co_61,COOH,-0.8518677011378949,-7.211379999999972,-2.17048000000003
Co,CONTCAR-6_Co_11-1_Co_63,OCHO,CONTCAR-5_Co_23,COOH,0.2978396165935577,-7.211379999999972,-5.775650000000017
Co,CONTCAR-6_Co_11-1_Co_63,OCHO,CONTCAR-6_Co_18,COOH,0.3687777671228665,-7.211379999999972,-6.595600000000022
Co,CONTCAR-6_Co_11-1_Co_63,OCHO,CONTCAR-7_Co_16,COOH,0.15491421626494783,-7.211379999999972,-5.542940000000019
Co,CONTCAR-6_Co_11-1_Co_63,OCHO,CONTCAR-8_Co_10,COOH,-0.9737808824392044,-7.211379999999972,-0.5955500000000353
Co,CONTCAR-6_Co_11-1_Co_63,OCHO,CONTCAR-9_Co_8,COOH,-0.21629839856850225,-7.211379999999972,-6.299350000000036
Co,CONTCAR-7_Co_63-1_Co_6,OCHO,CONTCAR-1_Co_53,COOH,-0.9053380997157504,-7.35717999999998,-5.740449999999985
Co,CONTCAR-7_Co_63-1_Co_6,OCHO,CONTCAR-2_Co_9,COOH,-0.38739491246617164,-7.35717999999998,0.5825799999999748
Co,CONTCAR-7_Co_63-1_Co_6,OCHO,CONTCAR-3_Co_1,COOH,0.1600841605151909,-7.35717999999998,-4.1793800000000125
Co,CONTCAR-7_Co_63-1_Co_6,OCHO,CONTCAR-4_Co_61,COOH,-0.8156007276952069,-7.35717999999998,-2.17048000000003
Co,CONTCAR-7_Co_63-1_Co_6,OCHO,CONTCAR-5_Co_23,COOH,-0.1589447649474112,-7.35717999999998,-5.775650000000017
Co,CONTCAR-7_Co_63-1_Co_6,OCHO,CONTCAR-6_Co_18,COOH,0.4082225103427291,-7.35717999999998,-6.595600000000022
Co,CONTCAR-7_Co_63-1_Co_6,OCHO,CONTCAR-7_Co_16,COOH,-0.2935209639884302,-7.35717999999998,-5.542940000000019
Co,CONTCAR-7_Co_63-1_Co_6,OCHO,CONTCAR-8_Co_10,COOH,-0.7606838913554955,-7.35717999999998,-0.5955500000000353
Co,CONTCAR-7_Co_63-1_Co_6,OCHO,CONTCAR-9_Co_8,COOH,-0.4714227155224917,-7.35717999999998,-6.299350000000036
Co,CONTCAR-8_Co_1-1_Co_67,OCHO,CONTCAR-1_Co_53,COOH,-0.7789410772626288,-4.704169999999985,-5.740449999999985
Co,CONTCAR-8_Co_1-1_Co_67,OCHO,CONTCAR-2_Co_9,COOH,-0.10346986311354342,-4.704169999999985,0.5825799999999748
Co,CONTCAR-8_Co_1-1_Co_67,OCHO,CONTCAR-3_Co_1,COOH,0.9154536497077828,-4.704169999999985,-4.1793800000000125
Co,CONTCAR-8_Co_1-1_Co_67,OCHO,CONTCAR-4_Co_61,COOH,-0.45616514605390224,-4.704169999999985,-2.17048000000003
Co,CONTCAR-8_Co_1-1_Co_67,OCHO,CONTCAR-5_Co_23,COOH,-0.61479631420672,-4.704169999999985,-5.775650000000017
Co,CONTCAR-8_Co_1-1_Co_67,OCHO,CONTCAR-6_Co_18,COOH,0.5996516573584398,-4.704169999999985,-6.595600000000022
Co,CONTCAR-8_Co_1-1_Co_67,OCHO,CONTCAR-7_Co_16,COOH,-0.9556258869224412,-4.704169999999985,-5.542940000000019
Co,CONTCAR-8_Co_1-1_Co_67,OCHO,CONTCAR-8_Co_10,COOH,0.012558146546276464,-4.704169999999985,-0.5955500000000353
Co,CONTCAR-8_Co_1-1_Co_67,OCHO,CONTCAR-9_Co_8,COOH,-0.22943156824924843,-4.704169999999985,-6.299350000000036
Co,CONTCAR-9_Co_8-1_Co_65,OCHO,CONTCAR-1_Co_53,COOH,0.7882819877374395,-7.346909999999989,-5.740449999999985
Co,CONTCAR-9_Co_8-1_Co_65,OCHO,CONTCAR-2_Co_9,COOH,0.6422580260055594,-7.346909999999989,0.5825799999999748
Co,CONTCAR-9_Co_8-1_Co_65,OCHO,CONTCAR-3_Co_1,COOH,-0.510819792845848,-7.346909999999989,-4.1793800000000125
Co,CONTCAR-9_Co_8-1_Co_65,OCHO,CONTCAR-4_Co_61,COOH,0.4637905561459351,-7.346909999999989,-2.17048000000003
Co,CONTCAR-9_Co_8-1_Co_65,OCHO,CONTCAR-5_Co_23,COOH,0.6650366371168545,-7.346909999999989,-5.775650000000017
Co,CONTCAR-9_Co_8-1_Co_65,OCHO,CONTCAR-6_Co_18,COOH,-0.19313367809486598,-7.346909999999989,-6.595600000000022
Co,CONTCAR-9_Co_8-1_Co_65,OCHO,CONTCAR-7_Co_16,COOH,0.641903318536173,-7.346909999999989,-5.542940000000019
Co,CONTCAR-9_Co_8-1_Co_65,OCHO,CONTCAR-8_Co_10,COOH,0.29512190551960116,-7.346909999999989,-0.5955500000000353
Co,CONTCAR-9_Co_8-1_Co_65,OCHO,CONTCAR-9_Co_8,COOH,0.7353313290865809,-7.346909999999989,-6.299350000000036
La,CONTCAR-10_La_67-1_La_2,OCHO,CONTCAR-10_La_56,COOH,-0.23611393311825324,-7.303379999999956,-7.707910000000002
La,CONTCAR-10_La_67-1_La_2,OCHO,CONTCAR-1_La_53,COOH,-0.6010981924263609,-7.303379999999956,-7.714880000000026
La,CONTCAR-10_La_67-1_La_2,OCHO,CONTCAR-2_La_9,COOH,0.24623609729449902,-7.303379999999956,-7.739889999999978
La,CONTCAR-10_La_67-1_La_2,OCHO,CONTCAR-3_La_1,COOH,0.7815360270519844,-7.303379999999956,-6.718530000000019
La,CONTCAR-10_La_67-1_La_2,OCHO,CONTCAR-4_La_61,COOH,-0.04548962372316396,-7.303379999999956,-6.610890000000072
La,CONTCAR-10_La_67-1_La_2,OCHO,CONTCAR-5_La_23,COOH,-0.549153122793299,-7.303379999999956,-10.476649999999982
La,CONTCAR-10_La_67-1_La_2,OCHO,CONTCAR-6_La_18,COOH,0.7132426718729157,-7.303379999999956,-8.081590000000038
La,CONTCAR-10_La_67-1_La_2,OCHO,CONTCAR-7_La_16,COOH,-0.7986317027465657,-7.303379999999956,-6.6084300000000304
La,CONTCAR-10_La_67-1_La_2,OCHO,CONTCAR-8_La_10,COOH,0.15069254789352488,-7.303379999999956,-8.199700000000039
La,CONTCAR-10_La_67-1_La_2,OCHO,CONTCAR-9_La_8,COOH,-0.7344697230498259,-7.303379999999956,-8.408699999999985
La,CONTCAR-1_La_64-1_La_65,OCHO,CONTCAR-10_La_56,COOH,-0.5689408497635806,-9.733550000000045,-7.707910000000002
La,CONTCAR-1_La_64-1_La_65,OCHO,CONTCAR-1_La_53,COOH,0.578720902353492,-9.733550000000045,-7.714880000000026
La,CONTCAR-1_La_64-1_La_65,OCHO,CONTCAR-2_La_9,COOH,0.7270555585903233,-9.733550000000045,-7.739889999999978
La,CONTCAR-1_La_64-1_La_65,OCHO,CONTCAR-3_La_1,COOH,-0.6686822243238922,-9.733550000000045,-6.718530000000019
La,CONTCAR-1_La_64-1_La_65,OCHO,CONTCAR-4_La_61,COOH,0.15636552325656225,-9.733550000000045,-6.610890000000072
La,CONTCAR-1_La_64-1_La_65,OCHO,CONTCAR-5_La_23,COOH,0.8853189180785921,-9.733550000000045,-10.476649999999982
La,CONTCAR-1_La_64-1_La_65,OCHO,CONTCAR-6_La_18,COOH,0.08142594444959012,-9.733550000000045,-8.081590000000038
La,CONTCAR-1_La_64-1_La_65,OCHO,CONTCAR-7_La_16,COOH,0.5860755313251691,-9.733550000000045,-6.6084300000000304
La,CONTCAR-1_La_64-1_La_65,OCHO,CONTCAR-8_La_10,COOH,-0.07479759454323609,-9.733550000000045,-8.199700000000039
La,CONTCAR-1_La_64-1_La_65,OCHO,CONTCAR-9_La_8,COOH,0.8822259757107538,-9.733550000000045,-8.408699999999985
La,CONTCAR-2_La_44-1_La_60,OCHO,CONTCAR-10_La_56,COOH,0.8375432169370445,-10.210739999999996,-7.707910000000002
La,CONTCAR-2_La_44-1_La_60,OCHO,CONTCAR-1_La_53,COOH,0.6846519311107365,-10.210739999999996,-7.714880000000026
La,CONTCAR-2_La_44-1_La_60,OCHO,CONTCAR-2_La_9,COOH,-0.4641483392950626,-10.210739999999996,-7.739889999999978
La,CONTCAR-2_La_44-1_La_60,OCHO,CONTCAR-3_La_1,COOH,0.44151238451305475,-10.210739999999996,-6.718530000000019
La,CONTCAR-2_La_44-1_La_60,OCHO,CONTCAR-4_La_61,COOH,0.8733870852478098,-10.210739999999996,-6.610890000000072
La,CONTCAR-2_La_44-1_La_60,OCHO,CONTCAR-5_La_23,COOH,-0.5304973094394185,-10.210739999999996,-10.476649999999982
La,CONTCAR-2_La_44-1_La_60,OCHO,CONTCAR-6_La_18,COOH,-0.7670791666179311,-10.210739999999996,-8.081590000000038
La,CONTCAR-2_La_44-1_La_60,OCHO,CONTCAR-7_La_16,COOH,-0.43187584285340935,-10.210739999999996,-6.6084300000000304
La,CONTCAR-2_La_44-1_La_60,OCHO,CONTCAR-8_La_10,COOH,0.886570032762456,-10.210739999999996,-8.199700000000039
La,CONTCAR-2_La_44-1_La_60,OCHO,CONTCAR-9_La_8,COOH,0.23542636258970892,-10.210739999999996,-8.408699999999985
La,CONTCAR-4_La_56-1_La_57,OCHO,CONTCAR-10_La_56,COOH,0.9786705474356429,-9.37081999999999,-7.707910000000002
La,CONTCAR-4_La_56-1_La_57,OCHO,CONTCAR-1_La_53,COOH,0.13675811501923,-9.37081999999999,-7.714880000000026
La,CONTCAR-4_La_56-1_La_57,OCHO,CONTCAR-2_La_9,COOH,-0.9531736865666898,-9.37081999999999,-7.739889999999978
La,CONTCAR-4_La_56-1_La_57,OCHO,CONTCAR-3_La_1,COOH,0.3390253691649918,-9.37081999999999,-6.718530000000019
La,CONTCAR-4_La_56-1_La_57,OCHO,CONTCAR-4_La_61,COOH,0.277664082601833,-9.37081999999999,-6.610890000000072
La,CONTCAR-4_La_56-1_La_57,OCHO,CONTCAR-5_La_23,COOH,-0.6871009903428178,-9.37081999999999,-10.476649999999982
La,CONTCAR-4_La_56-1_La_57,OCHO,CONTCAR-6_La_18,COOH,-0.792448767710238,-9.37081999999999,-8.081590000000038
La,CONTCAR-4_La_56-1_La_57,OCHO,CONTCAR-7_La_16,COOH,-0.2556224151977548,-9.37081999999999,-6.6084300000000304
La,CONTCAR-4_La_56-1_La_57,OCHO,CONTCAR-8_La_10,COOH,0.37325934565219515,-9.37081999999999,-8.199700000000039
La,CONTCAR-4_La_56-1_La_57,OCHO,CONTCAR-9_La_8,COOH,-0.24641929175601868,-9.37081999999999,-8.408699999999985
La,CONTCAR-6_La_51-1_La_21,OCHO,CONTCAR-10_La_56,COOH,-0.11712802949174705,-7.842440000000019,-7.707910000000002
La,CONTCAR-6_La_51-1_La_21,OCHO,CONTCAR-1_La_53,COOH,0.39579190320272967,-7.842440000000019,-7.714880000000026
La,CONTCAR-6_La_51-1_La_21,OCHO,CONTCAR-2_La_9,COOH,0.5491193504371277,-7.842440000000019,-7.739889999999978
La,CONTCAR-6_La_51-1_La_21,OCHO,CONTCAR-3_La_1,COOH,0.5648519238482507,-7.842440000000019,-6.718530000000019
La,CONTCAR-6_La_51-1_La_21,OCHO,CONTCAR-4_La_61,COOH,0.7495986127269498,-7.842440000000019,-6.610890000000072
La,CONTCAR-6_La_51-1_La_21,OCHO,CONTCAR-5_La_23,COOH,-0.19696172103962745,-7.842440000000019,-10.476649999999982
La,CONTCAR-6_La_51-1_La_21,OCHO,CONTCAR-6_La_18,COOH,0.2417416140833697,-7.842440000000019,-8.081590000000038
La,CONTCAR-6_La_51-1_La_21,OCHO,CONTCAR-7_La_16,COOH,-0.6483578894769816,-7.842440000000019,-6.6084300000000304
La,CONTCAR-6_La_51-1_La_21,OCHO,CONTCAR-8_La_10,COOH,0.7618386542962869,-7.842440000000019,-8.199700000000039
La,CONTCAR-6_La_51-1_La_21,OCHO,CONTCAR-9_La_8,COOH,0.18403133228014917,-7.842440000000019,-8.408699999999985
La,CONTCAR-7_La_36-1_La_58,OCHO,CONTCAR-10_La_56,COOH,0.12680972294041454,-9.865789999999956,-7.707910000000002
La,CONTCAR-7_La_36-1_La_58,OCHO,CONTCAR-1_La_53,COOH,0.3243974784681622,-9.865789999999956,-7.714880000000026
La,CONTCAR-7_La_36-1_La_58,OCHO,CONTCAR-2_La_9,COOH,-0.293301416757127,-9.865789999999956,-7.739889999999978
La,CONTCAR-7_La_36-1_La_58,OCHO,CONTCAR-3_La_1,COOH,-0.8659558641940743,-9.865789999999956,-6.718530000000019
La,CONTCAR-7_La_36-1_La_58,OCHO,CONTCAR-4_La_61,COOH,-0.2633208076159166,-9.865789999999956,-6.610890000000072
La,CONTCAR-7_La_36-1_La_58,OCHO,CONTCAR-5_La_23,COOH,0.5843960337615915,-9.865789999999956,-10.476649999999982
La,CONTCAR-7_La_36-1_La_58,OCHO,CONTCAR-6_La_18,COOH,-0.5739053025657851,-9.865789999999956,-8.081590000000038
La,CONTCAR-7_La_36-1_La_58,OCHO,CONTCAR-7_La_16,COOH,0.9008305809064122,-9.865789999999956,-6.6084300000000304
La,CONTCAR-7_La_36-1_La_58,OCHO,CONTCAR-8_La_10,COOH,-0.4351354651268574,-9.865789999999956,-8.199700000000039
La,CONTCAR-7_La_36-1_La_58,OCHO,CONTCAR-9_La_8,COOH,0.5485080892441623,-9.865789999999956,-8.408699999999985
La,CONTCAR-8_La_16-1_La_58,OCHO,CONTCAR-10_La_56,COOH,-0.4008172058872574,-9.144360000000015,-7.707910000000002
La,CONTCAR-8_La_16-1_La_58,OCHO,CONTCAR-1_La_53,COOH,-0.19291335291107656,-9.144360000000015,-7.714880000000026
La,CONTCAR-8_La_16-1_La_58,OCHO,CONTCAR-2_La_9,COOH,0.036801261781411965,-9.144360000000015,-7.739889999999978
La,CONTCAR-8_La_16-1_La_58,OCHO,CONTCAR-3_La_1,COOH,-0.9162618914594122,-9.144360000000015,-6.718530000000019
La,CONTCAR-8_La_16-1_La_58,OCHO,CONTCAR-4_La_61,COOH,-0.7473075117225761,-9.144360000000015,-6.610890000000072
La,CONTCAR-8_La_16-1_La_58,OCHO,CONTCAR-5_La_23,COOH,0.7474445103546034,-9.144360000000015,-10.476649999999982
La,CONTCAR-8_La_16-1_La_58,OCHO,CONTCAR-6_La_18,COOH,0.02981581411242629,-9.144360000000015,-8.081590000000038
La,CONTCAR-8_La_16-1_La_58,OCHO,CONTCAR-7_La_16,COOH,0.9398987983297671,-9.144360000000015,-6.6084300000000304
La,CONTCAR-8_La_16-1_La_58,OCHO,CONTCAR-8_La_10,COOH,-0.8798255410697742,-9.144360000000015,-8.199700000000039
La,CONTCAR-8_La_16-1_La_58,OCHO,CONTCAR-9_La_8,COOH,0.2467745187521368,-9.144360000000015,-8.408699999999985
La,CONTCAR-9_La_14-1_La_36,OCHO,CONTCAR-10_La_56,COOH,0.19328384223563427,-6.263379999999993,-7.707910000000002
La,CONTCAR-9_La_14-1_La_36,OCHO,CONTCAR-1_La_53,COOH,0.631953995399329,-6.263379999999993,-7.714880000000026
La,CONTCAR-9_La_14-1_La_36,OCHO,CONTCAR-2_La_9,COOH,-0.18442982131701932,-6.263379999999993,-7.739889999999978
La,CONTCAR-9_La_14-1_La_36,OCHO,CONTCAR-3_La_1,COOH,-0.794064648820908,-6.263379999999993,-6.718530000000019
La,CONTCAR-9_La_14-1_La_36,OCHO,CONTCAR-4_La_61,COOH,0.06972977449284105,-6.263379999999993,-6.610890000000072
La,CONTCAR-9_La_14-1_La_36,OCHO,CONTCAR-5_La_23,COOH,0.587825361714597,-6.263379999999993,-10.476649999999982
La,CONTCAR-9_La_14-1_La_36,OCHO,CONTCAR-6_La_18,COOH,-0.6875402750477154,-6.263379999999993,-8.081590000000038
La,CONTCAR-9_La_14-1_La_36,OCHO,CONTCAR-7_La_16,COOH,0.8039384098543512,-6.263379999999993,-6.6084300000000304
La,CONTCAR-9_La_14-1_La_36,OCHO,CONTCAR-8_La_10,COOH,-0.13620536160170396,-6.263379999999993,-8.199700000000039
La,CONTCAR-9_La_14-1_La_36,OCHO,CONTCAR-9_La_8,COOH,0.7767933789609419,-6.263379999999993,-8.408699999999985
Ni,CONTCAR-10_Ni_37-1_Ni_63,OCHO,CONTCAR-10_Ni_56,COOH,-0.6530728722350205,-5.271409999999955,-3.6125500000000312
Ni,CONTCAR-10_Ni_37-1_Ni_63,OCHO,CONTCAR-1_Ni_53,COOH,-0.8023490839237485,-5.271409999999955,-4.074739999999995
Ni,CONTCAR-10_Ni_37-1_Ni_63,OCHO,CONTCAR-2_Ni_9,COOH,0.4332963908170985,-5.271409999999955,-3.4671000000000487
Ni,CONTCAR-10_Ni_37-1_Ni_63,OCHO,CONTCAR-4_Ni_61,COOH,-0.9516062550354398,-5.271409999999955,-4.59082000000004
Ni,CONTCAR-10_Ni_37-1_Ni_63,OCHO,CONTCAR-5_Ni_23,COOH,0.4926303366956359,-5.271409999999955,-4.349700000000016
Ni,CONTCAR-10_Ni_37-1_Ni_63,OCHO,CONTCAR-6_Ni_18,COOH,0.8318082165202129,-5.271409999999955,-4.801440000000046
Ni,CONTCAR-10_Ni_37-1_Ni_63,OCHO,CONTCAR-7_Ni_16,COOH,0.16559728616014835,-5.271409999999955,-4.500149999999994
Ni,CONTCAR-10_Ni_37-1_Ni_63,OCHO,CONTCAR-8_Ni_10,COOH,-0.8394877140903118,-5.271409999999955,-4.806690000000035
Ni,CONTCAR-1_Ni_53-1_Ni_61,OCHO,CONTCAR-10_Ni_56,COOH,0.3533142010012573,-5.264629999999963,-3.6125500000000312
Ni,CONTCAR-1_Ni_53-1_Ni_61,OCHO,CONTCAR-1_Ni_53,COOH,0.9696481013063978,-5.264629999999963,-4.074739999999995
Ni,CONTCAR-1_Ni_53-1_Ni_61,OCHO,CONTCAR-2_Ni_9,COOH,-0.1082333070116652,-5.264629999999963,-3.4671000000000487
Ni,CONTCAR-1_Ni_53-1_Ni_61,OCHO,CONTCAR-4_Ni_61,COOH,0.9778347164672588,-5.264629999999963,-4.59082000000004
Ni,CONTCAR-1_Ni_53-1_Ni_61,OCHO,CONTCAR-5_Ni_23,COOH,-0.1142933779433028,-5.264629999999963,-4.349700000000016
Ni,CONTCAR-1_Ni_53-1_Ni_61,OCHO,CONTCAR-6_Ni_18,COOH,-0.7085835558154336,-5.264629999999963,-4.801440000000046
Ni,CONTCAR-1_Ni_53-1_Ni_61,OCHO,CONTCAR-7_Ni_16,COOH,0.12929939798115908,-5.264629999999963,-4.500149999999994
Ni,CONTCAR-1_Ni_53-1_Ni_61,OCHO,CONTCAR-8_Ni_10,COOH,0.7640929152744119,-5.264629999999963,-4.806690000000035
Ni,CONTCAR-2_Ni_58-1_Ni_62,OCHO,CONTCAR-10_Ni_56,COOH,-0.2407686759144918,-4.891969999999967,-3.6125500000000312
Ni,CONTCAR-2_Ni_58-1_Ni_62,OCHO,CONTCAR-1_Ni_53,COOH,-0.16818364839459563,-4.891969999999967,-4.074739999999995
Ni,CONTCAR-2_Ni_58-1_Ni_62,OCHO,CONTCAR-2_Ni_9,COOH,0.08109237917893436,-4.891969999999967,-3.4671000000000487
Ni,CONTCAR-2_Ni_58-1_Ni_62,OCHO,CONTCAR-4_Ni_61,COOH,-0.5722560841579066,-4.891969999999967,-4.59082000000004
Ni,CONTCAR-2_Ni_58-1_Ni_62,OCHO,CONTCAR-5_Ni_23,COOH,0.7633178489272201,-4.891969999999967,-4.349700000000016
Ni,CONTCAR-2_Ni_58-1_Ni_62,OCHO,CONTCAR-6_Ni_18,COOH,0.12306465496486707,-4.891969999999967,-4.801440000000046
Ni,CONTCAR-2_Ni_58-1_Ni_62,OCHO,CONTCAR-7_Ni_16,COOH,0.8528728601662523,-4.891969999999967,-4.500149999999994
Ni,CONTCAR-2_Ni_58-1_Ni_62,OCHO,CONTCAR-8_Ni_10,COOH,-0.8903907451929406,-4.891969999999967,-4.806690000000035
Ni,CONTCAR-3_Ni_63-1_Ni_6,OCHO,CONTCAR-10_Ni_56,COOH,-0.30165353578751103,-5.266519999999966,-3.6125500000000312
Ni,CONTCAR-3_Ni_63-1_Ni_6,OCHO,CONTCAR-1_Ni_53,COOH,-0.9271554894678059,-5.266519999999966,-4.074739999999995
Ni,CONTCAR-3_Ni_63-1_Ni_6,OCHO,CONTCAR-2_Ni_9,COOH,0.044919300211757385,-5.266519999999966,-3.4671000000000487
Ni,CONTCAR-3_Ni_63-1_Ni_6,OCHO,CONTCAR-4_Ni_61,COOH,-0.994224254012128,-5.266519999999966,-4.59082000000004
Ni,CONTCAR-3_Ni_63-1_Ni_6,OCHO,CONTCAR-5_Ni_23,COOH,0.19025220413251043,-5.266519999999966,-4.349700000000016
Ni,CONTCAR-3_Ni_63-1_Ni_6,OCHO,CONTCAR-6_Ni_18,COOH,0.6258745646040011,-5.266519999999966,-4.801440000000046
Ni,CONTCAR-3_Ni_63-1_Ni_6,OCHO,CONTCAR-7_Ni_16,COOH,0.01296899900175641,-5.266519999999966,-4.500149999999994
Ni,CONTCAR-3_Ni_63-1_Ni_6,OCHO,CONTCAR-8_Ni_10,COOH,-0.8549442694185836,-5.266519999999966,-4.806690000000035
Ni,CONTCAR-4_Ni_55-1_Ni_57,OCHO,CONTCAR-10_Ni_56,COOH,0.7283400823360194,-5.32889000000001,-3.6125500000000312
Ni,CONTCAR-4_Ni_55-1_Ni_57,OCHO,CONTCAR-1_Ni_53,COOH,-0.4150246384489616,-5.32889000000001,-4.074739999999995
Ni,CONTCAR-4_Ni_55-1_Ni_57,OCHO,CONTCAR-2_Ni_9,COOH,-0.7962554265034876,-5.32889000000001,-3.4671000000000487
Ni,CONTCAR-4_Ni_55-1_Ni_57,OCHO,CONTCAR-4_Ni_61,COOH,-0.08459722217603512,-5.32889000000001,-4.59082000000004
Ni,CONTCAR-4_Ni_55-1_Ni_57,OCHO,CONTCAR-5_Ni_23,COOH,-0.8995035063953801,-5.32889000000001,-4.349700000000016
Ni,CONTCAR-4_Ni_55-1_Ni_57,OCHO,CONTCAR-6_Ni_18,COOH,-0.30024997738966885,-5.32889000000001,-4.801440000000046
Ni,CONTCAR-4_Ni_55-1_Ni_57,OCHO,CONTCAR-7_Ni_16,COOH,-0.6899246906355675,-5.32889000000001,-4.500149999999994
Ni,CONTCAR-4_Ni_55-1_Ni_57,OCHO,CONTCAR-8_Ni_10,COOH,0.15162175893843308,-5.32889000000001,-4.806690000000035
Ni,CONTCAR-6_Ni_23-1_Ni_39,OCHO,CONTCAR-10_Ni_56,COOH,-0.8156187624879836,-2.2145400000000093,-3.6125500000000312
Ni,CONTCAR-6_Ni_23-1_Ni_39,OCHO,CONTCAR-1_Ni_53,COOH,0.045876468281019774,-2.2145400000000093,-4.074739999999995
Ni,CONTCAR-6_Ni_23-1_Ni_39,OCHO,CONTCAR-2_Ni_9,COOH,0.7739336519010381,-2.2145400000000093,-3.4671000000000487
Ni,CONTCAR-6_Ni_23-1_Ni_39,OCHO,CONTCAR-4_Ni_61,COOH,-0.3255283808925805,-2.2145400000000093,-4.59082000000004
Ni,CONTCAR-6_Ni_23-1_Ni_39,OCHO,CONTCAR-5_Ni_23,COOH,0.9838137901843135,-2.2145400000000093,-4.349700000000016
Ni,CONTCAR-6_Ni_23-1_Ni_39,OCHO,CONTCAR-6_Ni_18,COOH,0.5170882733149491,-2.2145400000000093,-4.801440000000046
Ni,CONTCAR-6_Ni_23-1_Ni_39,OCHO,CONTCAR-7_Ni_16,COOH,0.7310153864749456,-2.2145400000000093,-4.500149999999994
Ni,CONTCAR-6_Ni_23-1_Ni_39,OCHO,CONTCAR-8_Ni_10,COOH,-0.5269212920589476,-2.2145400000000093,-4.806690000000035
Ni,CONTCAR-8_Ni_1-1_Ni_13,OCHO,CONTCAR-10_Ni_56,COOH,0.252845093960327,-5.26903999999997,-3.6125500000000312
Ni,CONTCAR-8_Ni_1-1_Ni_13,OCHO,CONTCAR-1_Ni_53,COOH,-0.5165723764868054,-5.26903999999997,-4.074739999999995
Ni,CONTCAR-8_Ni_1-1_Ni_13,OCHO,CONTCAR-2_Ni_9,COOH,-0.278191436350188,-5.26903999999997,-3.4671000000000487
Ni,CONTCAR-8_Ni_1-1_Ni_13,OCHO,CONTCAR-4_Ni_61,COOH,-0.08899507905241934,-5.26903999999997,-4.59082000000004
Ni,CONTCAR-8_Ni_1-1_Ni_13,OCHO,CONTCAR-5_Ni_23,COOH,-0.8495406507849006,-5.26903999999997,-4.349700000000016
Ni,CONTCAR-8_Ni_1-1_Ni_13,OCHO,CONTCAR-6_Ni_18,COOH,0.17209011961724938,-5.26903999999997,-4.801440000000046
Ni,CONTCAR-8_Ni_1-1_Ni_13,OCHO,CONTCAR-7_Ni_16,COOH,-0.9767833614929362,-5.26903999999997,-4.500149999999994
Ni,CONTCAR-8_Ni_1-1_Ni_13,OCHO,CONTCAR-8_Ni_10,COOH,0.35495041727551996,-5.26903999999997,-4.806690000000035
Ni,CONTCAR-9_Ni_9-1_Ni_18,OCHO,CONTCAR-10_Ni_56,COOH,-0.9906342108055348,-5.25633,-3.6125500000000312
Ni,CONTCAR-9_Ni_9-1_Ni_18,OCHO,CONTCAR-1_Ni_53,COOH,-0.28876413977573656,-5.25633,-4.074739999999995
Ni,CONTCAR-9_Ni_9-1_Ni_18,OCHO,CONTCAR-2_Ni_9,COOH,0.9589755546675218,-5.25633,-3.4671000000000487
Ni,CONTCAR-9_Ni_9-1_Ni_18,OCHO,CONTCAR-4_Ni_61,COOH,-0.3876390517522913,-5.25633,-4.59082000000004
Ni,CONTCAR-9_Ni_9-1_Ni_18,OCHO,CONTCAR-5_Ni_23,COOH,0.594660582268846,-5.25633,-4.349700000000016
Ni,CONTCAR-9_Ni_9-1_Ni_18,OCHO,CONTCAR-6_Ni_18,COOH,0.9067111748882355,-5.25633,-4.801440000000046
Ni,CONTCAR-9_Ni_9-1_Ni_18,OCHO,CONTCAR-7_Ni_16,COOH,0.06583993688315304,-5.25633,-4.500149999999994
Ni,CONTCAR-9_Ni_9-1_Ni_18,OCHO,CONTCAR-8_Ni_10,COOH,-0.2362992958062691,-5.25633,-4.806690000000035
Sn,CONTCAR-10_Sn_42-1_Sn_63,OCHO,CONTCAR-10_Sn_56,COOH,-0.143995016280091,0.2996900000000454,1.0946600000000006
Sn,CONTCAR-10_Sn_42-1_Sn_63,OCHO,CONTCAR-1_Sn_53,COOH,-0.8177942374562736,0.2996900000000454,1.1130599999999862
Sn,CONTCAR-10_Sn_42-1_Sn_63,OCHO,CONTCAR-2_Sn_9,COOH,-0.4231841349527718,0.2996900000000454,1.09518999999997
Sn,CONTCAR-10_Sn_42-1_Sn_63,OCHO,CONTCAR-3_Sn_1,COOH,-0.06075033599865377,0.2996900000000454,1.094269999999962
Sn,CONTCAR-10_Sn_42-1_Sn_63,OCHO,CONTCAR-4_Sn_61,COOH,-0.9320686075657456,0.2996900000000454,1.0960199999999776
Sn,CONTCAR-10_Sn_42-1_Sn_63,OCHO,CONTCAR-5_Sn_23,COOH,0.0012861482887350786,0.2996900000000454,0.9827600000000092
Sn,CONTCAR-10_Sn_42-1_Sn_63,OCHO,CONTCAR-6_Sn_18,COOH,0.28289958925114067,0.2996900000000454,0.9838400000000109
Sn,CONTCAR-10_Sn_42-1_Sn_63,OCHO,CONTCAR-7_Sn_16,COOH,0.06423182436982686,0.2996900000000454,1.0907499999999817
Sn,CONTCAR-10_Sn_42-1_Sn_63,OCHO,CONTCAR-8_Sn_10,COOH,-0.8393495426562425,0.2996900000000454,0.9679199999999599
Sn,CONTCAR-10_Sn_42-1_Sn_63,OCHO,CONTCAR-9_Sn_8,COOH,-0.797329946776508,0.2996900000000454,0.9680600000000044
Sn,CONTCAR-1_Sn_58-1_Sn_62,OCHO,CONTCAR-10_Sn_56,COOH,-0.44422029492521675,0.45876000000003103,1.0946600000000006
Sn,CONTCAR-1_Sn_58-1_Sn_62,OCHO,CONTCAR-1_Sn_53,COOH,-0.37777363303395783,0.45876000000003103,1.1130599999999862
Sn,CONTCAR-1_Sn_58-1_Sn_62,OCHO,CONTCAR-2_Sn_9,COOH,-0.09095448443939554,0.45876000000003103,1.09518999999997
Sn,CONTCAR-1_Sn_58-1_Sn_62,OCHO,CONTCAR-3_Sn_1,COOH,-0.6985311600529248,0.45876000000003103,1.094269999999962
Sn,CONTCAR-1_Sn_58-1_Sn_62,OCHO,CONTCAR-4_Sn_61,COOH,-0.8190423431935082,0.45876000000003103,1.0960199999999776
Sn,CONTCAR-1_Sn_58-1_Sn_62,OCHO,CONTCAR-5_Sn_23,COOH,0.6548057944657171,0.45876000000003103,0.9827600000000092
Sn,CONTCAR-1_Sn_58-1_Sn_62,OCHO,CONTCAR-6_Sn_18,COOH,0.25226232744540666,0.45876000000003103,0.9838400000000109
Sn,CONTCAR-1_Sn_58-1_Sn_62,OCHO,CONTCAR-7_Sn_16,COOH,0.7018850395985109,0.45876000000003103,1.0907499999999817
Sn,CONTCAR-1_Sn_58-1_Sn_62,OCHO,CONTCAR-8_Sn_10,COOH,-0.9678425025376821,0.45876000000003103,0.9679199999999599
Sn,CONTCAR-1_Sn_58-1_Sn_62,OCHO,CONTCAR-9_Sn_8,COOH,-0.17706900756560345,0.45876000000003103,0.9680600000000044
Sn,CONTCAR-2_Sn_39-1_Sn_54,OCHO,CONTCAR-10_Sn_56,COOH,-0.9496935452472299,0.4355800000000062,1.0946600000000006
Sn,CONTCAR-2_Sn_39-1_Sn_54,OCHO,CONTCAR-1_Sn_53,COOH,-0.08785270332163464,0.4355800000000062,1.1130599999999862
Sn,CONTCAR-2_Sn_39-1_Sn_54,OCHO,CONTCAR-2_Sn_9,COOH,0.8986601836606541,0.4355800000000062,1.09518999999997
Sn,CONTCAR-2_Sn_39-1_Sn_54,OCHO,CONTCAR-3_Sn_1,COOH,-0.3237022956533928,0.4355800000000062,1.094269999999962
Sn,CONTCAR-2_Sn_39-1_Sn_54,OCHO,CONTCAR-4_Sn_61,COOH,-0.24312922796661823,0.4355800000000062,1.0960199999999776
Sn,CONTCAR-2_Sn_39-1_Sn_54,OCHO,CONTCAR-5_Sn_23,COOH,0.8573437902913792,0.4355800000000062,0.9827600000000092
Sn,CONTCAR-2_Sn_39-1_Sn_54,OCHO,CONTCAR-6_Sn_18,COOH,0.7430638878630209,0.4355800000000062,0.9838400000000109
Sn,CONTCAR-2_Sn_39-1_Sn_54,OCHO,CONTCAR-7_Sn_16,COOH,0.32717558415722153,0.4355800000000062,1.0907499999999817
Sn,CONTCAR-2_Sn_39-1_Sn_54,OCHO,CONTCAR-8_Sn_10,COOH,-0.33346340871340063,0.4355800000000062,0.9679199999999599
Sn,CONTCAR-2_Sn_39-1_Sn_54,OCHO,CONTCAR-9_Sn_8,COOH,0.2921186246236217,0.4355800000000062,0.9680600000000044
Sn,CONTCAR-3_Sn_55-1_Sn_57,OCHO,CONTCAR-10_Sn_56,COOH,0.6931869827953587,0.3046100000000155,1.0946600000000006
Sn,CONTCAR-3_Sn_55-1_Sn_57,OCHO,CONTCAR-1_Sn_53,COOH,-0.3876281214388374,0.3046100000000155,1.1130599999999862
Sn,CONTCAR-3_Sn_55-1_Sn_57,OCHO,CONTCAR-2_Sn_9,COOH,-0.8283029417495245,0.3046100000000155,1.09518999999997
Sn,CONTCAR-3_Sn_55-1_Sn_57,OCHO,CONTCAR-3_Sn_1,COOH,0.5071023808953308,0.3046100000000155,1.094269999999962
Sn,CONTCAR-3_Sn_55-1_Sn_57,OCHO,CONTCAR-4_Sn_61,COOH,-0.1560867966174136,0.3046100000000155,1.0960199999999776
Sn,CONTCAR-3_Sn_55-1_Sn_57,OCHO,CONTCAR-5_Sn_23,COOH,-0.8554341108010508,0.3046100000000155,0.9827600000000092
Sn,CONTCAR-3_Sn_55-1_Sn_57,OCHO,CONTCAR-6_Sn_18,COOH,-0.3615713694113476,0.3046100000000155,0.9838400000000109
Sn,CONTCAR-3_Sn_55-1_Sn_57,OCHO,CONTCAR-7_Sn_16,COOH,-0.5082302486746412,0.3046100000000155,1.0907499999999817
Sn,CONTCAR-3_Sn_55-1_Sn_57,OCHO,CONTCAR-8_Sn_10,COOH,0.04689341874417663,0.3046100000000155,0.9679199999999599
Sn,CONTCAR-3_Sn_55-1_Sn_57,OCHO,CONTCAR-9_Sn_8,COOH,-0.7055366920438434,0.3046100000000155,0.9680600000000044
Sn,CONTCAR-4_Sn_10-1_Sn_12,OCHO,CONTCAR-10_Sn_56,COOH,0.4631148421362597,0.30933000000003574,1.0946600000000006
Sn,CONTCAR-4_Sn_10-1_Sn_12,OCHO,CONTCAR-1_Sn_53,COOH,0.40967945237988124,0.30933000000003574,1.1130599999999862
Sn,CONTCAR-4_Sn_10-1_Sn_12,OCHO,CONTCAR-2_Sn_9,COOH,0.07791483134617767,0.30933000000003574,1.09518999999997
Sn,CONTCAR-4_Sn_10-1_Sn_12,OCHO,CONTCAR-3_Sn_1,COOH,0.6738482928262625,0.30933000000003574,1.094269999999962
Sn,CONTCAR-4_Sn_10-1_Sn_12,OCHO,CONTCAR-4_Sn_61,COOH,0.8381924960484061,0.30933000000003574,1.0960199999999776
Sn,CONTCAR-4_Sn_10-1_Sn_12,OCHO,CONTCAR-5_Sn_23,COOH,-0.6491316226903443,0.30933000000003574,0.9827600000000092
Sn,CONTCAR-4_Sn_10-1_Sn_12,OCHO,CONTCAR-6_Sn_18,COOH,-0.2831216495021627,0.30933000000003574,0.9838400000000109
Sn,CONTCAR-4_Sn_10-1_Sn_12,OCHO,CONTCAR-7_Sn_16,COOH,-0.6773533741651422,0.30933000000003574,1.0907499999999817
Sn,CONTCAR-4_Sn_10-1_Sn_12,OCHO,CONTCAR-8_Sn_10,COOH,0.976006925276058,0.30933000000003574,0.9679199999999599
Sn,CONTCAR-4_Sn_10-1_Sn_12,OCHO,CONTCAR-9_Sn_8,COOH,0.2050497364228167,0.30933000000003574,0.9680600000000044
Sn,CONTCAR-5_Sn_0-1_Sn_47,OCHO,CONTCAR-10_Sn_56,COOH,-0.49184501075675596,0.2692600000000215,1.0946600000000006
Sn,CONTCAR-5_Sn_0-1_Sn_47,OCHO,CONTCAR-1_Sn_53,COOH,0.44891451502653196,0.2692600000000215,1.1130599999999862
Sn,CONTCAR-5_Sn_0-1_Sn_47,OCHO,CONTCAR-2_Sn_9,COOH,0.887859002691081,0.2692600000000215,1.09518999999997
Sn,CONTCAR-5_Sn_0-1_Sn_47,OCHO,CONTCAR-3_Sn_1,COOH,-0.006662261852200053,0.2692600000000215,1.094269999999962
Sn,CONTCAR-5_Sn_0-1_Sn_47,OCHO,CONTCAR-4_Sn_61,COOH,0.518055354129776,0.2692600000000215,1.0960199999999776
Sn,CONTCAR-5_Sn_0-1_Sn_47,OCHO,CONTCAR-5_Sn_23,COOH,0.43585025614952494,0.2692600000000215,0.9827600000000092
Sn,CONTCAR-5_Sn_0-1_Sn_47,OCHO,CONTCAR-6_Sn_18,COOH,0.32745332053760023,0.2692600000000215,0.9838400000000109
Sn,CONTCAR-5_Sn_0-1_Sn_47,OCHO,CONTCAR-7_Sn_16,COOH,0.006505343606261757,0.2692600000000215,1.0907499999999817
Sn,CONTCAR-5_Sn_0-1_Sn_47,OCHO,CONTCAR-8_Sn_10,COOH,0.44872652233568305,0.2692600000000215,0.9679199999999599
Sn,CONTCAR-5_Sn_0-1_Sn_47,OCHO,CONTCAR-9_Sn_8,COOH,0.6576051077021758,0.2692600000000215,0.9680600000000044
Sn,CONTCAR-6_Sn_38-1_Sn_67,OCHO,CONTCAR-10_Sn_56,COOH,-0.29775399459449436,0.3081700000000086,1.0946600000000006
Sn,CONTCAR-6_Sn_38-1_Sn_67,OCHO,CONTCAR-1_Sn_53,COOH,-0.8718490349593044,0.3081700000000086,1.1130599999999862
Sn,CONTCAR-6_Sn_38-1_Sn_67,OCHO,CONTCAR-2_Sn_9,COOH,0.14913937312774403,0.3081700000000086,1.09518999999997
Sn,CONTCAR-6_Sn_38-1_Sn_67,OCHO,CONTCAR-3_Sn_1,COOH,0.7754584348071523,0.3081700000000086,1.094269999999962
Sn,CONTCAR-6_Sn_38-1_Sn_67,OCHO,CONTCAR-4_Sn_61,COOH,-0.4735060381418724,0.3081700000000086,1.0960199999999776
Sn,CONTCAR-6_Sn_38-1_Sn_67,OCHO,CONTCAR-5_Sn_23,COOH,-0.3707806437856699,0.3081700000000086,0.9827600000000092
Sn,CONTCAR-6_Sn_38-1_Sn_67,OCHO,CONTCAR-6_Sn_18,COOH,0.6847558847479658,0.3081700000000086,0.9838400000000109
Sn,CONTCAR-6_Sn_38-1_Sn_67,OCHO,CONTCAR-7_Sn_16,COOH,-0.7720761169786109,0.3081700000000086,1.0907499999999817
Sn,CONTCAR-6_Sn_38-1_Sn_67,OCHO,CONTCAR-8_Sn_10,COOH,-0.1423881785262906,0.3081700000000086,0.9679199999999599
Sn,CONTCAR-6_Sn_38-1_Sn_67,OCHO,CONTCAR-9_Sn_8,COOH,-0.8548719946457457,0.3081700000000086,0.9680600000000044
Sn,CONTCAR-7_Sn_66-1_Sn_5,OCHO,CONTCAR-10_Sn_56,COOH,0.84529102401951,0.26926999999999623,1.0946600000000006
Sn,CONTCAR-7_Sn_66-1_Sn_5,OCHO,CONTCAR-1_Sn_53,COOH,0.6806954067730255,0.26926999999999623,1.1130599999999862
Sn,CONTCAR-7_Sn_66-1_Sn_5,OCHO,CONTCAR-2_Sn_9,COOH,-0.7175819225140315,0.26926999999999623,1.09518999999997
Sn,CONTCAR-7_Sn_66-1_Sn_5,OCHO,CONTCAR-3_Sn_1,COOH,-0.3618350480958459,0.26926999999999623,1.094269999999962
Sn,CONTCAR-7_Sn_66-1_Sn_5,OCHO,CONTCAR-4_Sn_61,COOH,0.4851699890230874,0.26926999999999623,1.0960199999999776
Sn,CONTCAR-7_Sn_66-1_Sn_5,OCHO,CONTCAR-5_Sn_23,COOH,-0.2929793274924954,0.26926999999999623,0.9827600000000092
Sn,CONTCAR-7_Sn_66-1_Sn_5,OCHO,CONTCAR-6_Sn_18,COOH,-0.9911935902868038,0.26926999999999623,0.9838400000000109
Sn,CONTCAR-7_Sn_66-1_Sn_5,OCHO,CONTCAR-7_Sn_16,COOH,0.3571289869779072,0.26926999999999623,1.0907499999999817
Sn,CONTCAR-7_Sn_66-1_Sn_5,OCHO,CONTCAR-8_Sn_10,COOH,0.3023442288793487,0.26926999999999623,0.9679199999999599
Sn,CONTCAR-7_Sn_66-1_Sn_5,OCHO,CONTCAR-9_Sn_8,COOH,0.41710914712264463,0.26926999999999623,0.9680600000000044
Sn,CONTCAR-8_Sn_26-1_Sn_42,OCHO,CONTCAR-10_Sn_56,COOH,0.03471431576778034,0.2829400000000436,1.0946600000000006
Sn,CONTCAR-8_Sn_26-1_Sn_42,OCHO,CONTCAR-1_Sn_53,COOH,-0.7762945249248941,0.2829400000000436,1.1130599999999862
Sn,CONTCAR-8_Sn_26-1_Sn_42,OCHO,CONTCAR-2_Sn_9,COOH,-0.5679318395581784,0.2829400000000436,1.09518999999997
Sn,CONTCAR-8_Sn_26-1_Sn_42,OCHO,CONTCAR-3_Sn_1,COOH,0.014209869648684039,0.2829400000000436,1.094269999999962
Sn,CONTCAR-8_Sn_26-1_Sn_42,OCHO,CONTCAR-4_Sn_61,COOH,-0.8501882065334273,0.2829400000000436,1.0960199999999776
Sn,CONTCAR-8_Sn_26-1_Sn_42,OCHO,CONTCAR-5_Sn_23,COOH,-0.16381509670319785,0.2829400000000436,0.9827600000000092
Sn,CONTCAR-8_Sn_26-1_Sn_42,OCHO,CONTCAR-6_Sn_18,COOH,0.1419929715871732,0.2829400000000436,0.9838400000000109
Sn,CONTCAR-8_Sn_26-1_Sn_42,OCHO,CONTCAR-7_Sn_16,COOH,-0.011486110776311455,0.2829400000000436,1.0907499999999817
Sn,CONTCAR-8_Sn_26-1_Sn_42,OCHO,CONTCAR-8_Sn_10,COOH,-0.7399601386400858,0.2829400000000436,0.9679199999999599
Sn,CONTCAR-8_Sn_26-1_Sn_42,OCHO,CONTCAR-9_Sn_8,COOH,-0.827150863240861,0.2829400000000436,0.9680600000000044
Sn,CONTCAR-9_Sn_16-1_Sn_58,OCHO,CONTCAR-10_Sn_56,COOH,-0.3222665599542707,0.3098199999999923,1.0946600000000006
Sn,CONTCAR-9_Sn_16-1_Sn_58,OCHO,CONTCAR-1_Sn_53,COOH,0.16680489493257436,0.3098199999999923,1.1130599999999862
Sn,CONTCAR-9_Sn_16-1_Sn_58,OCHO,CONTCAR-2_Sn_9,COOH,0.0002696621979125236,0.3098199999999923,1.09518999999997
Sn,CONTCAR-9_Sn_16-1_Sn_58,OCHO,CONTCAR-3_Sn_1,COOH,-0.9705263613111855,0.3098199999999923,1.094269999999962
Sn,CONTCAR-9_Sn_16-1_Sn_58,OCHO,CONTCAR-4_Sn_61,COOH,-0.3903121279968522,0.3098199999999923,1.0960199999999776
Sn,CONTCAR-9_Sn_16-1_Sn_58,OCHO,CONTCAR-5_Sn_23,COOH,0.8123274582131291,0.3098199999999923,0.9827600000000092
Sn,CONTCAR-9_Sn_16-1_Sn_58,OCHO,CONTCAR-6_Sn_18,COOH,-0.05469739387998429,0.3098199999999923,0.9838400000000109
Sn,CONTCAR-9_Sn_16-1_Sn_58,OCHO,CONTCAR-7_Sn_16,COOH,0.9717672964464067,0.3098199999999923,1.0907499999999817
Sn,CONTCAR-9_Sn_16-1_Sn_58,OCHO,CONTCAR-8_Sn_10,COOH,-0.6875798240584661,0.3098199999999923,0.9679199999999599
Sn,CONTCAR-9_Sn_16-1_Sn_58,OCHO,CONTCAR-9_Sn_8,COOH,0.36616636103864764,0.3098199999999923,0.9680600000000044
