elem,material_id_a,adsorbate_type_a,material_id_b,adsorbate_type_b,similarity,delta_G_OCHO,delta_G_H
Bi,CONTCAR-10_Bi_51-1_Bi_21,OCHO,CONTCAR-10_Bi_0,H,0.7043511901863941,0.41906000000004895,0.946070000000068
Bi,CONTCAR-10_Bi_51-1_Bi_21,OCHO,CONTCAR-1_Bi_37,H,-0.12810200482424722,0.41906000000004895,0.7430600000000619
Bi,CONTCAR-10_Bi_51-1_Bi_21,OCHO,CONTCAR-2_Bi_7,H,-0.19568719484504007,0.41906000000004895,0.7373000000000526
Bi,CONTCAR-10_Bi_51-1_Bi_21,OCHO,CONTCAR-3_Bi_66,H,-0.43022171648481744,0.41906000000004895,0.7591900000000374
Bi,CONTCAR-10_Bi_51-1_Bi_21,OCHO,CONTCAR-4_Bi_18,H,0.29835636860896975,0.41906000000004895,0.7330400000000646
Bi,CONTCAR-10_Bi_51-1_Bi_21,OCHO,CONTCAR-5_Bi_25,H,0.8578154399626691,0.41906000000004895,0.7301400000000536
Bi,CONTCAR-10_Bi_51-1_Bi_21,OCHO,CONTCAR-6_Bi_36,H,-0.7099312586124109,0.41906000000004895,0.7222400000000472
Bi,CONTCAR-10_Bi_51-1_Bi_21,OCHO,CONTCAR-7_Bi_27,H,-0.07608785302221165,0.41906000000004895,0.7552100000000247
Bi,CONTCAR-10_Bi_51-1_Bi_21,OCHO,CONTCAR-8_Bi_16,H,-0.5193456989289847,0.41906000000004895,0.8024100000000568
Bi,CONTCAR-10_Bi_51-1_Bi_21,OCHO,CONTCAR-9_Bi_5,H,-0.31584799472351693,0.41906000000004895,0.7271200000000614
Bi,CONTCAR-1_Bi_35-1_Bi_51,OCHO,CONTCAR-10_Bi_0,H,0.49435071679401255,0.39166000000004886,0.946070000000068
Bi,CONTCAR-1_Bi_35-1_Bi_51,OCHO,CONTCAR-1_Bi_37,H,-0.038052081235911035,0.39166000000004886,0.7430600000000619
Bi,CONTCAR-1_Bi_35-1_Bi_51,OCHO,CONTCAR-2_Bi_7,H,-0.15077075079582938,0.39166000000004886,0.7373000000000526
Bi,CONTCAR-1_Bi_35-1_Bi_51,OCHO,CONTCAR-3_Bi_66,H,-0.5750471171703908,0.39166000000004886,0.7591900000000374
Bi,CONTCAR-1_Bi_35-1_Bi_51,OCHO,CONTCAR-4_Bi_18,H,0.406543254594222,0.39166000000004886,0.7330400000000646
Bi,CONTCAR-1_Bi_35-1_Bi_51,OCHO,CONTCAR-5_Bi_25,H,0.8867998042520474,0.39166000000004886,0.7301400000000536
Bi,CONTCAR-1_Bi_35-1_Bi_51,OCHO,CONTCAR-6_Bi_36,H,-0.8844641378018935,0.39166000000004886,0.7222400000000472
Bi,CONTCAR-1_Bi_35-1_Bi_51,OCHO,CONTCAR-7_Bi_27,H,0.18765850475816426,0.39166000000004886,0.7552100000000247
Bi,CONTCAR-1_Bi_35-1_Bi_51,OCHO,CONTCAR-8_Bi_16,H,-0.7380798221176889,0.39166000000004886,0.8024100000000568
Bi,CONTCAR-1_Bi_35-1_Bi_51,OCHO,CONTCAR-9_Bi_5,H,-0.4125043102619311,0.39166000000004886,0.7271200000000614
Bi,CONTCAR-2_Bi_42-1_Bi_63,OCHO,CONTCAR-10_Bi_0,H,-0.727703758894856,0.09345000000000878,0.946070000000068
Bi,CONTCAR-2_Bi_42-1_Bi_63,OCHO,CONTCAR-1_Bi_37,H,0.533391003547445,0.09345000000000878,0.7430600000000619
Bi,CONTCAR-2_Bi_42-1_Bi_63,OCHO,CONTCAR-2_Bi_7,H,0.5319148019675236,0.09345000000000878,0.7373000000000526
Bi,CONTCAR-2_Bi_42-1_Bi_63,OCHO,CONTCAR-3_Bi_66,H,-0.09029404433249331,0.09345000000000878,0.7591900000000374
Bi,CONTCAR-2_Bi_42-1_Bi_63,OCHO,CONTCAR-4_Bi_18,H,0.19232830651464075,0.09345000000000878,0.7330400000000646
Bi,CONTCAR-2_Bi_42-1_Bi_63,OCHO,CONTCAR-5_Bi_25,H,-0.48971720508693495,0.09345000000000878,0.7301400000000536
Bi,CONTCAR-2_Bi_42-1_Bi_63,OCHO,CONTCAR-6_Bi_36,H,0.2900517481306183,0.09345000000000878,0.7222400000000472
Bi,CONTCAR-2_Bi_42-1_Bi_63,OCHO,CONTCAR-7_Bi_27,H,0.5762515368297275,0.09345000000000878,0.7552100000000247
Bi,CONTCAR-2_Bi_42-1_Bi_63,OCHO,CONTCAR-8_Bi_16,H,0.18736878181459232,0.09345000000000878,0.8024100000000568
Bi,CONTCAR-2_Bi_42-1_Bi_63,OCHO,CONTCAR-9_Bi_5,H,-0.16585902553751516,0.09345000000000878,0.7271200000000614
Bi,CONTCAR-3_Bi_52-1_Bi_62,OCHO,CONTCAR-10_Bi_0,H,-0.22972675304672024,0.14387000000003977,0.946070000000068
Bi,CONTCAR-3_Bi_52-1_Bi_62,OCHO,CONTCAR-1_Bi_37,H,0.7935356369753067,0.14387000000003977,0.7430600000000619
Bi,CONTCAR-3_Bi_52-1_Bi_62,OCHO,CONTCAR-2_Bi_7,H,0.8501946933966773,0.14387000000003977,0.7373000000000526
Bi,CONTCAR-3_Bi_52-1_Bi_62,OCHO,CONTCAR-3_Bi_66,H,-0.25000237466645925,0.14387000000003977,0.7591900000000374
Bi,CONTCAR-3_Bi_52-1_Bi_62,OCHO,CONTCAR-4_Bi_18,H,0.4435923858849926,0.14387000000003977,0.7330400000000646
Bi,CONTCAR-3_Bi_52-1_Bi_62,OCHO,CONTCAR-5_Bi_25,H,-0.23719422408673763,0.14387000000003977,0.7301400000000536
Bi,CONTCAR-3_Bi_52-1_Bi_62,OCHO,CONTCAR-6_Bi_36,H,0.38741051589949543,0.14387000000003977,0.7222400000000472
Bi,CONTCAR-3_Bi_52-1_Bi_62,OCHO,CONTCAR-7_Bi_27,H,0.42725449112269986,0.14387000000003977,0.7552100000000247
Bi,CONTCAR-3_Bi_52-1_Bi_62,OCHO,CONTCAR-8_Bi_16,H,0.500553971223972,0.14387000000003977,0.8024100000000568
Bi,CONTCAR-3_Bi_52-1_Bi_62,OCHO,CONTCAR-9_Bi_5,H,-0.43784215906573676,0.14387000000003977,0.7271200000000614
Bi,CONTCAR-4_Bi_33-1_Bi_55,OCHO,CONTCAR-10_Bi_0,H,-0.7038202804390346,0.09339000000004657,0.946070000000068
Bi,CONTCAR-4_Bi_33-1_Bi_55,OCHO,CONTCAR-1_Bi_37,H,-0.5456699699115786,0.09339000000004657,0.7430600000000619
Bi,CONTCAR-4_Bi_33-1_Bi_55,OCHO,CONTCAR-2_Bi_7,H,-0.6637895953396226,0.09339000000004657,0.7373000000000526
Bi,CONTCAR-4_Bi_33-1_Bi_55,OCHO,CONTCAR-3_Bi_66,H,0.21716658585189486,0.09339000000004657,0.7591900000000374
Bi,CONTCAR-4_Bi_33-1_Bi_55,OCHO,CONTCAR-4_Bi_18,H,-0.41763630248260325,0.09339000000004657,0.7330400000000646
Bi,CONTCAR-4_Bi_33-1_Bi_55,OCHO,CONTCAR-5_Bi_25,H,-0.25139848057593,0.09339000000004657,0.7301400000000536
Bi,CONTCAR-4_Bi_33-1_Bi_55,OCHO,CONTCAR-6_Bi_36,H,-0.33732760569330517,0.09339000000004657,0.7222400000000472
Bi,CONTCAR-4_Bi_33-1_Bi_55,OCHO,CONTCAR-7_Bi_27,H,0.20279333602616187,0.09339000000004657,0.7552100000000247
Bi,CONTCAR-4_Bi_33-1_Bi_55,OCHO,CONTCAR-8_Bi_16,H,-0.683657402715796,0.09339000000004657,0.8024100000000568
Bi,CONTCAR-4_Bi_33-1_Bi_55,OCHO,CONTCAR-9_Bi_5,H,0.44949826142473404,0.09339000000004657,0.7271200000000614
Bi,CONTCAR-5_Bi_66-1_Bi_5,OCHO,CONTCAR-10_Bi_0,H,-0.249058552294234,0.1415000000000549,0.946070000000068
Bi,CONTCAR-5_Bi_66-1_Bi_5,OCHO,CONTCAR-1_Bi_37,H,-0.8557865864203845,0.1415000000000549,0.7430600000000619
Bi,CONTCAR-5_Bi_66-1_Bi_5,OCHO,CONTCAR-2_Bi_7,H,-0.7716174059956635,0.1415000000000549,0.7373000000000526
Bi,CONTCAR-5_Bi_66-1_Bi_5,OCHO,CONTCAR-3_Bi_66,H,0.9901656706693147,0.1415000000000549,0.7591900000000374
Bi,CONTCAR-5_Bi_66-1_Bi_5,OCHO,CONTCAR-4_Bi_18,H,-0.9941936188683119,0.1415000000000549,0.7330400000000646
Bi,CONTCAR-5_Bi_66-1_Bi_5,OCHO,CONTCAR-5_Bi_25,H,-0.7781357792174048,0.1415000000000549,0.7301400000000536
Bi,CONTCAR-5_Bi_66-1_Bi_5,OCHO,CONTCAR-6_Bi_36,H,0.661129163702939,0.1415000000000549,0.7222400000000472
Bi,CONTCAR-5_Bi_66-1_Bi_5,OCHO,CONTCAR-7_Bi_27,H,-0.7762301750346674,0.1415000000000549,0.7552100000000247
Bi,CONTCAR-5_Bi_66-1_Bi_5,OCHO,CONTCAR-8_Bi_16,H,0.38281697792343883,0.1415000000000549,0.8024100000000568
Bi,CONTCAR-5_Bi_66-1_Bi_5,OCHO,CONTCAR-9_Bi_5,H,0.9908320094525644,0.1415000000000549,0.7271200000000614
Bi,CONTCAR-6_Bi_47-1_Bi_65,OCHO,CONTCAR-10_Bi_0,H,0.9899964489740087,0.2704000000000423,0.946070000000068
Bi,CONTCAR-6_Bi_47-1_Bi_65,OCHO,CONTCAR-1_Bi_37,H,0.2302031417699152,0.2704000000000423,0.7430600000000619
Bi,CONTCAR-6_Bi_47-1_Bi_65,OCHO,CONTCAR-2_Bi_7,H,0.2849105259769981,0.2704000000000423,0.7373000000000526
Bi,CONTCAR-6_Bi_47-1_Bi_65,OCHO,CONTCAR-3_Bi_66,H,-0.341854939658917,0.2704000000000423,0.7591900000000374
Bi,CONTCAR-6_Bi_47-1_Bi_65,OCHO,CONTCAR-4_Bi_18,H,0.40558813863366766,0.2704000000000423,0.7330400000000646
Bi,CONTCAR-6_Bi_47-1_Bi_65,OCHO,CONTCAR-5_Bi_25,H,0.6842094114838781,0.2704000000000423,0.7301400000000536
Bi,CONTCAR-6_Bi_47-1_Bi_65,OCHO,CONTCAR-6_Bi_36,H,-0.14547194282921286,0.2704000000000423,0.7222400000000472
Bi,CONTCAR-6_Bi_47-1_Bi_65,OCHO,CONTCAR-7_Bi_27,H,-0.29963470498494943,0.2704000000000423,0.7552100000000247
Bi,CONTCAR-6_Bi_47-1_Bi_65,OCHO,CONTCAR-8_Bi_16,H,0.2170510095262586,0.2704000000000423,0.8024100000000568
Bi,CONTCAR-6_Bi_47-1_Bi_65,OCHO,CONTCAR-9_Bi_5,H,-0.4423505786799581,0.2704000000000423,0.7271200000000614
Bi,CONTCAR-7_Bi_14-1_Bi_36,OCHO,CONTCAR-10_Bi_0,H,0.097668528463357,0.2505500000000228,0.946070000000068
Bi,CONTCAR-7_Bi_14-1_Bi_36,OCHO,CONTCAR-1_Bi_37,H,-0.3215381517612545,0.2505500000000228,0.7430600000000619
Bi,CONTCAR-7_Bi_14-1_Bi_36,OCHO,CONTCAR-2_Bi_7,H,-0.1525697649509492,0.2505500000000228,0.7373000000000526
Bi,CONTCAR-7_Bi_14-1_Bi_36,OCHO,CONTCAR-3_Bi_66,H,0.797701636751133,0.2505500000000228,0.7591900000000374
Bi,CONTCAR-7_Bi_14-1_Bi_36,OCHO,CONTCAR-4_Bi_18,H,-0.6314471257783557,0.2505500000000228,0.7330400000000646
Bi,CONTCAR-7_Bi_14-1_Bi_36,OCHO,CONTCAR-5_Bi_25,H,-0.6991626864900341,0.2505500000000228,0.7301400000000536
Bi,CONTCAR-7_Bi_14-1_Bi_36,OCHO,CONTCAR-6_Bi_36,H,0.9667327778873955,0.2505500000000228,0.7222400000000472
Bi,CONTCAR-7_Bi_14-1_Bi_36,OCHO,CONTCAR-7_Bi_27,H,-0.7793869017917318,0.2505500000000228,0.7552100000000247
Bi,CONTCAR-7_Bi_14-1_Bi_36,OCHO,CONTCAR-8_Bi_16,H,0.920819391754492,0.2505500000000228,0.8024100000000568
Bi,CONTCAR-7_Bi_14-1_Bi_36,OCHO,CONTCAR-9_Bi_5,H,0.6110631518873542,0.2505500000000228,0.7271200000000614
Bi,CONTCAR-8_Bi_40-1_Bi_64,OCHO,CONTCAR-10_Bi_0,H,0.6958597650651203,0.39732000000002643,0.946070000000068
Bi,CONTCAR-8_Bi_40-1_Bi_64,OCHO,CONTCAR-1_Bi_37,H,-0.05554321177878319,0.39732000000002643,0.7430600000000619
Bi,CONTCAR-8_Bi_40-1_Bi_64,OCHO,CONTCAR-2_Bi_7,H,0.10623777518172074,0.39732000000002643,0.7373000000000526
Bi,CONTCAR-8_Bi_40-1_Bi_64,OCHO,CONTCAR-3_Bi_66,H,0.3576029203800761,0.39732000000002643,0.7591900000000374
Bi,CONTCAR-8_Bi_40-1_Bi_64,OCHO,CONTCAR-4_Bi_18,H,-0.1862213258530617,0.39732000000002643,0.7330400000000646
Bi,CONTCAR-8_Bi_40-1_Bi_64,OCHO,CONTCAR-5_Bi_25,H,-0.08663306528412927,0.39732000000002643,0.7301400000000536
Bi,CONTCAR-8_Bi_40-1_Bi_64,OCHO,CONTCAR-6_Bi_36,H,0.6348074972540211,0.39732000000002643,0.7222400000000472
Bi,CONTCAR-8_Bi_40-1_Bi_64,OCHO,CONTCAR-7_Bi_27,H,-0.7472392066720067,0.39732000000002643,0.7552100000000247
Bi,CONTCAR-8_Bi_40-1_Bi_64,OCHO,CONTCAR-8_Bi_16,H,0.837895208699612,0.39732000000002643,0.8024100000000568
Bi,CONTCAR-8_Bi_40-1_Bi_64,OCHO,CONTCAR-9_Bi_5,H,0.14793075774251743,0.39732000000002643,0.7271200000000614
Bi,CONTCAR-9_Bi_9-1_Bi_54,OCHO,CONTCAR-10_Bi_0,H,0.7285514718256464,0.40795000000001835,0.946070000000068
Bi,CONTCAR-9_Bi_9-1_Bi_54,OCHO,CONTCAR-1_Bi_37,H,0.7245961895191024,0.40795000000001835,0.7430600000000619
Bi,CONTCAR-9_Bi_9-1_Bi_54,OCHO,CONTCAR-2_Bi_7,H,0.7240904691479706,0.40795000000001835,0.7373000000000526
Bi,CONTCAR-9_Bi_9-1_Bi_54,OCHO,CONTCAR-3_Bi_66,H,-0.7811259784681734,0.40795000000001835,0.7591900000000374
Bi,CONTCAR-9_Bi_9-1_Bi_54,OCHO,CONTCAR-4_Bi_18,H,0.8546062998396026,0.40795000000001835,0.7330400000000646
Bi,CONTCAR-9_Bi_9-1_Bi_54,OCHO,CONTCAR-5_Bi_25,H,0.8111849432572577,0.40795000000001835,0.7301400000000536
Bi,CONTCAR-9_Bi_9-1_Bi_54,OCHO,CONTCAR-6_Bi_36,H,-0.38102578458560843,0.40795000000001835,0.7222400000000472
Bi,CONTCAR-9_Bi_9-1_Bi_54,OCHO,CONTCAR-7_Bi_27,H,0.28577600835591416,0.40795000000001835,0.7552100000000247
Bi,CONTCAR-9_Bi_9-1_Bi_54,OCHO,CONTCAR-8_Bi_16,H,0.01574335138289762,0.40795000000001835,0.8024100000000568
Bi,CONTCAR-9_Bi_9-1_Bi_54,OCHO,CONTCAR-9_Bi_5,H,-0.8754396017216486,0.40795000000001835,0.7271200000000614
Co,CONTCAR-10_Co_38-1_Co_67,OCHO,CONTCAR-10_Co_39,H,-0.5583983689645393,-6.972099999999964,-5.441389999999965
Co,CONTCAR-10_Co_38-1_Co_67,OCHO,CONTCAR-1_Co_38,H,0.9792078607874608,-6.972099999999964,-2.325619999999967
Co,CONTCAR-10_Co_38-1_Co_67,OCHO,CONTCAR-2_Co_60,H,-0.515056567574974,-6.972099999999964,-5.764299999999944
Co,CONTCAR-10_Co_38-1_Co_67,OCHO,CONTCAR-3_Co_23,H,-0.3500903617319049,-6.972099999999964,-6.582499999999934
Co,CONTCAR-10_Co_38-1_Co_67,OCHO,CONTCAR-4_Co_55,H,0.46709835028505003,-6.972099999999964,-6.604259999999963
Co,CONTCAR-10_Co_38-1_Co_67,OCHO,CONTCAR-5_Co_67,H,0.9858936615770074,-6.972099999999964,-1.2711799999999673
Co,CONTCAR-10_Co_38-1_Co_67,OCHO,CONTCAR-6_Co_53,H,-0.8765309716722709,-6.972099999999964,-6.493539999999948
Co,CONTCAR-10_Co_38-1_Co_67,OCHO,CONTCAR-7_Co_58,H,-0.41565963038093684,-6.972099999999964,-4.867939999999985
Co,CONTCAR-10_Co_38-1_Co_67,OCHO,CONTCAR-8_Co_1,H,0.6401283629609745,-6.972099999999964,-1.7557599999999614
Co,CONTCAR-10_Co_38-1_Co_67,OCHO,CONTCAR-9_Co_27,H,0.763084654287261,-6.972099999999964,-4.495719999999958
Co,CONTCAR-1_Co_60-1_Co_61,OCHO,CONTCAR-10_Co_39,H,-0.38441105236492695,-4.299059999999949,-5.441389999999965
Co,CONTCAR-1_Co_60-1_Co_61,OCHO,CONTCAR-1_Co_38,H,-0.2174722852767138,-4.299059999999949,-2.325619999999967
Co,CONTCAR-1_Co_60-1_Co_61,OCHO,CONTCAR-2_Co_60,H,0.919475641724218,-4.299059999999949,-5.764299999999944
Co,CONTCAR-1_Co_60-1_Co_61,OCHO,CONTCAR-3_Co_23,H,-0.705707631853551,-4.299059999999949,-6.582499999999934
Co,CONTCAR-1_Co_60-1_Co_61,OCHO,CONTCAR-4_Co_55,H,0.4697364278529852,-4.299059999999949,-6.604259999999963
Co,CONTCAR-1_Co_60-1_Co_61,OCHO,CONTCAR-5_Co_67,H,-0.4436494700725065,-4.299059999999949,-1.2711799999999673
Co,CONTCAR-1_Co_60-1_Co_61,OCHO,CONTCAR-6_Co_53,H,0.6284459045975214,-4.299059999999949,-6.493539999999948
Co,CONTCAR-1_Co_60-1_Co_61,OCHO,CONTCAR-7_Co_58,H,-0.642634703443991,-4.299059999999949,-4.867939999999985
Co,CONTCAR-1_Co_60-1_Co_61,OCHO,CONTCAR-8_Co_1,H,0.43117874361458747,-4.299059999999949,-1.7557599999999614
Co,CONTCAR-1_Co_60-1_Co_61,OCHO,CONTCAR-9_Co_27,H,-0.8749363440835471,-4.299059999999949,-4.495719999999958
Co,CONTCAR-2_Co_56-1_Co_57,OCHO,CONTCAR-10_Co_39,H,-0.8143794111999547,-7.19856999999997,-5.441389999999965
Co,CONTCAR-2_Co_56-1_Co_57,OCHO,CONTCAR-1_Co_38,H,0.08125147710587878,-7.19856999999997,-2.325619999999967
Co,CONTCAR-2_Co_56-1_Co_57,OCHO,CONTCAR-2_Co_60,H,0.8257000096313423,-7.19856999999997,-5.764299999999944
Co,CONTCAR-2_Co_56-1_Co_57,OCHO,CONTCAR-3_Co_23,H,-0.7743077061513718,-7.19856999999997,-6.582499999999934
Co,CONTCAR-2_Co_56-1_Co_57,OCHO,CONTCAR-4_Co_55,H,0.8686662990913111,-7.19856999999997,-6.604259999999963
Co,CONTCAR-2_Co_56-1_Co_57,OCHO,CONTCAR-5_Co_67,H,0.051680682298844795,-7.19856999999997,-1.2711799999999673
Co,CONTCAR-2_Co_56-1_Co_57,OCHO,CONTCAR-6_Co_53,H,-0.016232504901482873,-7.19856999999997,-6.493539999999948
Co,CONTCAR-2_Co_56-1_Co_57,OCHO,CONTCAR-7_Co_58,H,-0.5004751145583611,-7.19856999999997,-4.867939999999985
Co,CONTCAR-2_Co_56-1_Co_57,OCHO,CONTCAR-8_Co_1,H,0.4367000442831599,-7.19856999999997,-1.7557599999999614
Co,CONTCAR-2_Co_56-1_Co_57,OCHO,CONTCAR-9_Co_27,H,-0.3476838411174254,-7.19856999999997,-4.495719999999958
Co,CONTCAR-3_Co_21-1_Co_51,OCHO,CONTCAR-10_Co_39,H,0.11147814369679888,-6.206699999999964,-5.441389999999965
Co,CONTCAR-3_Co_21-1_Co_51,OCHO,CONTCAR-1_Co_38,H,0.14277675818008195,-6.206699999999964,-2.325619999999967
Co,CONTCAR-3_Co_21-1_Co_51,OCHO,CONTCAR-2_Co_60,H,0.06792694470746564,-6.206699999999964,-5.764299999999944
Co,CONTCAR-3_Co_21-1_Co_51,OCHO,CONTCAR-3_Co_23,H,-0.3190010791099336,-6.206699999999964,-6.582499999999934
Co,CONTCAR-3_Co_21-1_Co_51,OCHO,CONTCAR-4_Co_55,H,-0.10252458658766544,-6.206699999999964,-6.604259999999963
Co,CONTCAR-3_Co_21-1_Co_51,OCHO,CONTCAR-5_Co_67,H,-0.1698886984766724,-6.206699999999964,-1.2711799999999673
Co,CONTCAR-3_Co_21-1_Co_51,OCHO,CONTCAR-6_Co_53,H,0.479828961510661,-6.206699999999964,-6.493539999999948
Co,CONTCAR-3_Co_21-1_Co_51,OCHO,CONTCAR-7_Co_58,H,-0.6126215586708789,-6.206699999999964,-4.867939999999985
Co,CONTCAR-3_Co_21-1_Co_51,OCHO,CONTCAR-8_Co_1,H,0.4980986945923998,-6.206699999999964,-1.7557599999999614
Co,CONTCAR-3_Co_21-1_Co_51,OCHO,CONTCAR-9_Co_27,H,-0.46540251836744967,-6.206699999999964,-4.495719999999958
Co,CONTCAR-4_Co_24-1_Co_25,OCHO,CONTCAR-10_Co_39,H,0.08232659889053008,-5.707069999999996,-5.441389999999965
Co,CONTCAR-4_Co_24-1_Co_25,OCHO,CONTCAR-1_Co_38,H,0.6108058538275671,-5.707069999999996,-2.325619999999967
Co,CONTCAR-4_Co_24-1_Co_25,OCHO,CONTCAR-2_Co_60,H,-0.5810019688391461,-5.707069999999996,-5.764299999999944
Co,CONTCAR-4_Co_24-1_Co_25,OCHO,CONTCAR-3_Co_23,H,-0.08685657125888716,-5.707069999999996,-6.582499999999934
Co,CONTCAR-4_Co_24-1_Co_25,OCHO,CONTCAR-4_Co_55,H,-0.1501799671444582,-5.707069999999996,-6.604259999999963
Co,CONTCAR-4_Co_24-1_Co_25,OCHO,CONTCAR-5_Co_67,H,0.42978103467371975,-5.707069999999996,-1.2711799999999673
Co,CONTCAR-4_Co_24-1_Co_25,OCHO,CONTCAR-6_Co_53,H,-0.18721744069322158,-5.707069999999996,-6.493539999999948
Co,CONTCAR-4_Co_24-1_Co_25,OCHO,CONTCAR-7_Co_58,H,-0.41893231341408055,-5.707069999999996,-4.867939999999985
Co,CONTCAR-4_Co_24-1_Co_25,OCHO,CONTCAR-8_Co_1,H,0.49948840365351366,-5.707069999999996,-1.7557599999999614
Co,CONTCAR-4_Co_24-1_Co_25,OCHO,CONTCAR-9_Co_27,H,0.27868899383139584,-5.707069999999996,-4.495719999999958
Co,CONTCAR-5_Co_34-1_Co_60,OCHO,CONTCAR-10_Co_39,H,-0.48672779178576087,-4.952319999999995,-5.441389999999965
Co,CONTCAR-5_Co_34-1_Co_60,OCHO,CONTCAR-1_Co_38,H,-0.10503963463331065,-4.952319999999995,-2.325619999999967
Co,CONTCAR-5_Co_34-1_Co_60,OCHO,CONTCAR-2_Co_60,H,0.9053764016015572,-4.952319999999995,-5.764299999999944
Co,CONTCAR-5_Co_34-1_Co_60,OCHO,CONTCAR-3_Co_23,H,-0.7852979303518863,-4.952319999999995,-6.582499999999934
Co,CONTCAR-5_Co_34-1_Co_60,OCHO,CONTCAR-4_Co_55,H,0.564840159565596,-4.952319999999995,-6.604259999999963
Co,CONTCAR-5_Co_34-1_Co_60,OCHO,CONTCAR-5_Co_67,H,-0.33358833263839005,-4.952319999999995,-1.2711799999999673
Co,CONTCAR-5_Co_34-1_Co_60,OCHO,CONTCAR-6_Co_53,H,0.5337891837178077,-4.952319999999995,-6.493539999999948
Co,CONTCAR-5_Co_34-1_Co_60,OCHO,CONTCAR-7_Co_58,H,-0.716955761101921,-4.952319999999995,-4.867939999999985
Co,CONTCAR-5_Co_34-1_Co_60,OCHO,CONTCAR-8_Co_1,H,0.5263169066388947,-4.952319999999995,-1.7557599999999614
Co,CONTCAR-5_Co_34-1_Co_60,OCHO,CONTCAR-9_Co_27,H,-0.8112345955255337,-4.952319999999995,-4.495719999999958
Co,CONTCAR-6_Co_11-1_Co_63,OCHO,CONTCAR-10_Co_39,H,-0.09941491460044284,-7.211379999999972,-5.441389999999965
Co,CONTCAR-6_Co_11-1_Co_63,OCHO,CONTCAR-1_Co_38,H,0.2110320198116767,-7.211379999999972,-2.325619999999967
Co,CONTCAR-6_Co_11-1_Co_63,OCHO,CONTCAR-2_Co_60,H,-0.4767900840733017,-7.211379999999972,-5.764299999999944
Co,CONTCAR-6_Co_11-1_Co_63,OCHO,CONTCAR-3_Co_23,H,0.37602677283264724,-7.211379999999972,-6.582499999999934
Co,CONTCAR-6_Co_11-1_Co_63,OCHO,CONTCAR-4_Co_55,H,0.04224017285813092,-7.211379999999972,-6.604259999999963
Co,CONTCAR-6_Co_11-1_Co_63,OCHO,CONTCAR-5_Co_67,H,0.5175906340576599,-7.211379999999972,-1.2711799999999673
Co,CONTCAR-6_Co_11-1_Co_63,OCHO,CONTCAR-6_Co_53,H,-0.7795325551259056,-7.211379999999972,-6.493539999999948
Co,CONTCAR-6_Co_11-1_Co_63,OCHO,CONTCAR-7_Co_58,H,0.5569441785776955,-7.211379999999972,-4.867939999999985
Co,CONTCAR-6_Co_11-1_Co_63,OCHO,CONTCAR-8_Co_1,H,-0.3472169151977926,-7.211379999999972,-1.7557599999999614
Co,CONTCAR-6_Co_11-1_Co_63,OCHO,CONTCAR-9_Co_27,H,0.8197526081732625,-7.211379999999972,-4.495719999999958
Co,CONTCAR-7_Co_63-1_Co_6,OCHO,CONTCAR-10_Co_39,H,-0.5308274324534005,-7.35717999999998,-5.441389999999965
Co,CONTCAR-7_Co_63-1_Co_6,OCHO,CONTCAR-1_Co_38,H,0.5807424225306096,-7.35717999999998,-2.325619999999967
Co,CONTCAR-7_Co_63-1_Co_6,OCHO,CONTCAR-2_Co_60,H,-0.3321539067317714,-7.35717999999998,-5.764299999999944
Co,CONTCAR-7_Co_63-1_Co_6,OCHO,CONTCAR-3_Co_23,H,-0.08321959461441542,-7.35717999999998,-6.582499999999934
Co,CONTCAR-7_Co_63-1_Co_6,OCHO,CONTCAR-4_Co_55,H,0.4663364054211132,-7.35717999999998,-6.604259999999963
Co,CONTCAR-7_Co_63-1_Co_6,OCHO,CONTCAR-5_Co_67,H,0.8014045504716341,-7.35717999999998,-1.2711799999999673
Co,CONTCAR-7_Co_63-1_Co_6,OCHO,CONTCAR-6_Co_53,H,-0.9398251278656996,-7.35717999999998,-6.493539999999948
Co,CONTCAR-7_Co_63-1_Co_6,OCHO,CONTCAR-7_Co_58,H,0.10002400969527807,-7.35717999999998,-4.867939999999985
Co,CONTCAR-7_Co_63-1_Co_6,OCHO,CONTCAR-8_Co_1,H,0.1290800188409516,-7.35717999999998,-1.7557599999999614
Co,CONTCAR-7_Co_63-1_Co_6,OCHO,CONTCAR-9_Co_27,H,0.8209784161429627,-7.35717999999998,-4.495719999999958
Co,CONTCAR-8_Co_1-1_Co_67,OCHO,CONTCAR-10_Co_39,H,-0.713503750768803,-4.704169999999985,-5.441389999999965
Co,CONTCAR-8_Co_1-1_Co_67,OCHO,CONTCAR-1_Co_38,H,0.9929723277530256,-4.704169999999985,-2.325619999999967
Co,CONTCAR-8_Co_1-1_Co_67,OCHO,CONTCAR-2_Co_60,H,-0.2668584049572466,-4.704169999999985,-5.764299999999944
Co,CONTCAR-8_Co_1-1_Co_67,OCHO,CONTCAR-3_Co_23,H,-0.6099790706976836,-4.704169999999985,-6.582499999999934
Co,CONTCAR-8_Co_1-1_Co_67,OCHO,CONTCAR-4_Co_55,H,0.642090545250162,-4.704169999999985,-6.604259999999963
Co,CONTCAR-8_Co_1-1_Co_67,OCHO,CONTCAR-5_Co_67,H,0.9148757134962121,-4.704169999999985,-1.2711799999999673
Co,CONTCAR-8_Co_1-1_Co_67,OCHO,CONTCAR-6_Co_53,H,-0.7248887989107985,-4.704169999999985,-6.493539999999948
Co,CONTCAR-8_Co_1-1_Co_67,OCHO,CONTCAR-7_Co_58,H,-0.6756053095803932,-4.704169999999985,-4.867939999999985
Co,CONTCAR-8_Co_1-1_Co_67,OCHO,CONTCAR-8_Co_1,H,0.846071922742096,-4.704169999999985,-1.7557599999999614
Co,CONTCAR-8_Co_1-1_Co_67,OCHO,CONTCAR-9_Co_27,H,0.5275799427367558,-4.704169999999985,-4.495719999999958
Co,CONTCAR-9_Co_8-1_Co_65,OCHO,CONTCAR-10_Co_39,H,0.9013583105186195,-7.346909999999989,-5.441389999999965
Co,CONTCAR-9_Co_8-1_Co_65,OCHO,CONTCAR-1_Co_38,H,-0.7410213177128154,-7.346909999999989,-2.325619999999967
Co,CONTCAR-9_Co_8-1_Co_65,OCHO,CONTCAR-2_Co_60,H,-0.0543433141955333,-7.346909999999989,-5.764299999999944
Co,CONTCAR-9_Co_8-1_Co_65,OCHO,CONTCAR-3_Co_23,H,0.6069483481029575,-7.346909999999989,-6.582499999999934
Co,CONTCAR-9_Co_8-1_Co_65,OCHO,CONTCAR-4_Co_55,H,-0.8606503241607224,-7.346909999999989,-6.604259999999963
Co,CONTCAR-9_Co_8-1_Co_65,OCHO,CONTCAR-5_Co_67,H,-0.8138021592541225,-7.346909999999989,-1.2711799999999673
Co,CONTCAR-9_Co_8-1_Co_65,OCHO,CONTCAR-6_Co_53,H,0.7955570645182487,-7.346909999999989,-6.493539999999948
Co,CONTCAR-9_Co_8-1_Co_65,OCHO,CONTCAR-7_Co_58,H,0.4248651574836785,-7.346909999999989,-4.867939999999985
Co,CONTCAR-9_Co_8-1_Co_65,OCHO,CONTCAR-8_Co_1,H,-0.588594279271805,-7.346909999999989,-1.7557599999999614
Co,CONTCAR-9_Co_8-1_Co_65,OCHO,CONTCAR-9_Co_27,H,-0.504351919235135,-7.346909999999989,-4.495719999999958
La,CONTCAR-10_La_67-1_La_2,OCHO,CONTCAR-10_La_37,H,0.46974486476709465,-7.303379999999956,0.344820000000018
La,CONTCAR-10_La_67-1_La_2,OCHO,CONTCAR-1_La_62,H,-0.06008034348215499,-7.303379999999956,-7.491609999999989
La,CONTCAR-10_La_67-1_La_2,OCHO,CONTCAR-2_La_47,H,0.12914115069975732,-7.303379999999956,-7.453709999999953
La,CONTCAR-10_La_67-1_La_2,OCHO,CONTCAR-3_La_36,H,-0.9663091792893582,-7.303379999999956,-7.455029999999974
La,CONTCAR-10_La_67-1_La_2,OCHO,CONTCAR-4_La_61,H,-0.23446802926388244,-7.303379999999956,0.3462100000000329
La,CONTCAR-10_La_67-1_La_2,OCHO,CONTCAR-5_La_42,H,0.004114123637245531,-7.303379999999956,-7.4914399999999635
La,CONTCAR-10_La_67-1_La_2,OCHO,CONTCAR-6_La_21,H,0.5552370499724301,-7.303379999999956,-7.698349999999957
La,CONTCAR-10_La_67-1_La_2,OCHO,CONTCAR-7_La_0,H,-0.07700121757083196,-7.303379999999956,-5.2733199999999645
La,CONTCAR-10_La_67-1_La_2,OCHO,CONTCAR-8_La_45,H,-0.154319808516207,-7.303379999999956,-7.436809999999989
La,CONTCAR-10_La_67-1_La_2,OCHO,CONTCAR-9_La_9,H,0.25279031063070256,-7.303379999999956,-7.704879999999955
La,CONTCAR-1_La_64-1_La_65,OCHO,CONTCAR-10_La_37,H,-0.008177925414794951,-9.733550000000045,0.344820000000018
La,CONTCAR-1_La_64-1_La_65,OCHO,CONTCAR-1_La_62,H,-0.1959943779873224,-9.733550000000045,-7.491609999999989
La,CONTCAR-1_La_64-1_La_65,OCHO,CONTCAR-2_La_47,H,0.7534807320256851,-9.733550000000045,-7.453709999999953
La,CONTCAR-1_La_64-1_La_65,OCHO,CONTCAR-3_La_36,H,0.31990859107473163,-9.733550000000045,-7.455029999999974
La,CONTCAR-1_La_64-1_La_65,OCHO,CONTCAR-4_La_61,H,0.29405283282396777,-9.733550000000045,0.3462100000000329
La,CONTCAR-1_La_64-1_La_65,OCHO,CONTCAR-5_La_42,H,-0.3682794895476096,-9.733550000000045,-7.4914399999999635
La,CONTCAR-1_La_64-1_La_65,OCHO,CONTCAR-6_La_21,H,0.1370024442561575,-9.733550000000045,-7.698349999999957
La,CONTCAR-1_La_64-1_La_65,OCHO,CONTCAR-7_La_0,H,0.9012413639089611,-9.733550000000045,-5.2733199999999645
La,CONTCAR-1_La_64-1_La_65,OCHO,CONTCAR-8_La_45,H,0.6416010951880666,-9.733550000000045,-7.436809999999989
La,CONTCAR-1_La_64-1_La_65,OCHO,CONTCAR-9_La_9,H,0.6779894987610323,-9.733550000000045,-7.704879999999955
La,CONTCAR-2_La_44-1_La_60,OCHO,CONTCAR-10_La_37,H,-0.9567980226018549,-10.210739999999996,0.344820000000018
La,CONTCAR-2_La_44-1_La_60,OCHO,CONTCAR-1_La_62,H,-0.7987870168904361,-10.210739999999996,-7.491609999999989
La,CONTCAR-2_La_44-1_La_60,OCHO,CONTCAR-2_La_47,H,-0.0034531065369357732,-10.210739999999996,-7.453709999999953
La,CONTCAR-2_La_44-1_La_60,OCHO,CONTCAR-3_La_36,H,0.05800890360449452,-10.210739999999996,-7.455029999999974
La,CONTCAR-2_La_44-1_La_60,OCHO,CONTCAR-4_La_61,H,0.8586733517042019,-10.210739999999996,0.3462100000000329
La,CONTCAR-2_La_44-1_La_60,OCHO,CONTCAR-5_La_42,H,-0.7075130704040089,-10.210739999999996,-7.4914399999999635
La,CONTCAR-2_La_44-1_La_60,OCHO,CONTCAR-6_La_21,H,0.3847923288053221,-10.210739999999996,-7.698349999999957
La,CONTCAR-2_La_44-1_La_60,OCHO,CONTCAR-7_La_0,H,-0.1574254901802692,-10.210739999999996,-5.2733199999999645
La,CONTCAR-2_La_44-1_La_60,OCHO,CONTCAR-8_La_45,H,0.5132475890375906,-10.210739999999996,-7.436809999999989
La,CONTCAR-2_La_44-1_La_60,OCHO,CONTCAR-9_La_9,H,-0.6471515341211269,-10.210739999999996,-7.704879999999955
La,CONTCAR-4_La_56-1_La_57,OCHO,CONTCAR-10_La_37,H,-0.6689055324082437,-9.37081999999999,0.344820000000018
La,CONTCAR-4_La_56-1_La_57,OCHO,CONTCAR-1_La_62,H,-0.15421359220203357,-9.37081999999999,-7.491609999999989
La,CONTCAR-4_La_56-1_La_57,OCHO,CONTCAR-2_La_47,H,-0.709012197308744,-9.37081999999999,-7.453709999999953
La,CONTCAR-4_La_56-1_La_57,OCHO,CONTCAR-3_La_36,H,0.2763884639636642,-9.37081999999999,-7.455029999999974
La,CONTCAR-4_La_56-1_La_57,OCHO,CONTCAR-4_La_61,H,0.25662745775779316,-9.37081999999999,0.3462100000000329
La,CONTCAR-4_La_56-1_La_57,OCHO,CONTCAR-5_La_42,H,-0.0027490158720359648,-9.37081999999999,-7.4914399999999635
La,CONTCAR-4_La_56-1_La_57,OCHO,CONTCAR-6_La_21,H,-0.24583242950781922,-9.37081999999999,-7.698349999999957
La,CONTCAR-4_La_56-1_La_57,OCHO,CONTCAR-7_La_0,H,-0.7907722931621498,-9.37081999999999,-5.2733199999999645
La,CONTCAR-4_La_56-1_La_57,OCHO,CONTCAR-8_La_45,H,-0.23326754850278744,-9.37081999999999,-7.436809999999989
La,CONTCAR-4_La_56-1_La_57,OCHO,CONTCAR-9_La_9,H,-0.9959472321011873,-9.37081999999999,-7.704879999999955
La,CONTCAR-6_La_51-1_La_21,OCHO,CONTCAR-10_La_37,H,-0.23629459334143219,-7.842440000000019,0.344820000000018
La,CONTCAR-6_La_51-1_La_21,OCHO,CONTCAR-1_La_62,H,-0.8390951614210734,-7.842440000000019,-7.491609999999989
La,CONTCAR-6_La_51-1_La_21,OCHO,CONTCAR-2_La_47,H,0.7973061946510673,-7.842440000000019,-7.453709999999953
La,CONTCAR-6_La_51-1_La_21,OCHO,CONTCAR-3_La_36,H,-0.6892080719242832,-7.842440000000019,-7.455029999999974
La,CONTCAR-6_La_51-1_La_21,OCHO,CONTCAR-4_La_61,H,0.661362467410684,-7.842440000000019,0.3462100000000329
La,CONTCAR-6_La_51-1_La_21,OCHO,CONTCAR-5_La_42,H,-0.8546230021699512,-7.842440000000019,-7.4914399999999635
La,CONTCAR-6_La_51-1_La_21,OCHO,CONTCAR-6_La_21,H,0.9945911131804851,-7.842440000000019,-7.698349999999957
La,CONTCAR-6_La_51-1_La_21,OCHO,CONTCAR-7_La_0,H,0.5947608073306782,-7.842440000000019,-5.2733199999999645
La,CONTCAR-6_La_51-1_La_21,OCHO,CONTCAR-8_La_45,H,0.7911012800666007,-7.842440000000019,-7.436809999999989
La,CONTCAR-6_La_51-1_La_21,OCHO,CONTCAR-9_La_9,H,0.37455441658046834,-7.842440000000019,-7.704879999999955
La,CONTCAR-7_La_36-1_La_58,OCHO,CONTCAR-10_La_37,H,-0.2197584896771722,-9.865789999999956,0.344820000000018
La,CONTCAR-7_La_36-1_La_58,OCHO,CONTCAR-1_La_62,H,0.3669639126253907,-9.865789999999956,-7.491609999999989
La,CONTCAR-7_La_36-1_La_58,OCHO,CONTCAR-2_La_47,H,-0.3149983753663686,-9.865789999999956,-7.453709999999953
La,CONTCAR-7_La_36-1_La_58,OCHO,CONTCAR-3_La_36,H,0.9930504898055925,-9.865789999999956,-7.455029999999974
La,CONTCAR-7_La_36-1_La_58,OCHO,CONTCAR-4_La_61,H,-0.07786204166871953,-9.865789999999956,0.3462100000000329
La,CONTCAR-7_La_36-1_La_58,OCHO,CONTCAR-5_La_42,H,0.30493857756812515,-9.865789999999956,-7.4914399999999635
La,CONTCAR-7_La_36-1_La_58,OCHO,CONTCAR-6_La_21,H,-0.7769846753917088,-9.865789999999956,-7.698349999999957
La,CONTCAR-7_La_36-1_La_58,OCHO,CONTCAR-7_La_0,H,-0.06811000006777448,-9.865789999999956,-5.2733199999999645
La,CONTCAR-7_La_36-1_La_58,OCHO,CONTCAR-8_La_45,H,-0.13647904439408343,-9.865789999999956,-7.436809999999989
La,CONTCAR-7_La_36-1_La_58,OCHO,CONTCAR-9_La_9,H,-0.2310822931781163,-9.865789999999956,-7.704879999999955
La,CONTCAR-8_La_16-1_La_58,OCHO,CONTCAR-10_La_37,H,0.42237115014717735,-9.144360000000015,0.344820000000018
La,CONTCAR-8_La_16-1_La_58,OCHO,CONTCAR-1_La_62,H,0.7822532617963296,-9.144360000000015,-7.491609999999989
La,CONTCAR-8_La_16-1_La_58,OCHO,CONTCAR-2_La_47,H,-0.265380584136209,-9.144360000000015,-7.453709999999953
La,CONTCAR-8_La_16-1_La_58,OCHO,CONTCAR-3_La_36,H,0.7171028682524562,-9.144360000000015,-7.455029999999974
La,CONTCAR-8_La_16-1_La_58,OCHO,CONTCAR-4_La_61,H,-0.6002156421787312,-9.144360000000015,0.3462100000000329
La,CONTCAR-8_La_16-1_La_58,OCHO,CONTCAR-5_La_42,H,0.6839464957659058,-9.144360000000015,-7.4914399999999635
La,CONTCAR-8_La_16-1_La_58,OCHO,CONTCAR-6_La_21,H,-0.8398273768783844,-9.144360000000015,-7.698349999999957
La,CONTCAR-8_La_16-1_La_58,OCHO,CONTCAR-7_La_0,H,0.01464545264072556,-9.144360000000015,-5.2733199999999645
La,CONTCAR-8_La_16-1_La_58,OCHO,CONTCAR-8_La_45,H,-0.4435529158352372,-9.144360000000015,-7.436809999999989
La,CONTCAR-8_La_16-1_La_58,OCHO,CONTCAR-9_La_9,H,0.1993510676616042,-9.144360000000015,-7.704879999999955
La,CONTCAR-9_La_14-1_La_36,OCHO,CONTCAR-10_La_37,H,-0.46485206592243844,-6.263379999999993,0.344820000000018
La,CONTCAR-9_La_14-1_La_36,OCHO,CONTCAR-1_La_62,H,0.029213870010788484,-6.263379999999993,-7.491609999999989
La,CONTCAR-9_La_14-1_La_36,OCHO,CONTCAR-2_La_47,H,-0.06311620384372044,-6.263379999999993,-7.453709999999953
La,CONTCAR-9_La_14-1_La_36,OCHO,CONTCAR-3_La_36,H,0.9506131889441498,-6.263379999999993,-7.455029999999974
La,CONTCAR-9_La_14-1_La_36,OCHO,CONTCAR-4_La_61,H,0.2612552359279559,-6.263379999999993,0.3462100000000329
La,CONTCAR-9_La_14-1_La_36,OCHO,CONTCAR-5_La_42,H,-0.044560095896236884,-6.263379999999993,-7.4914399999999635
La,CONTCAR-9_La_14-1_La_36,OCHO,CONTCAR-6_La_21,H,-0.5139342794757495,-6.263379999999993,-7.698349999999957
La,CONTCAR-9_La_14-1_La_36,OCHO,CONTCAR-7_La_0,H,0.1434478054549695,-6.263379999999993,-5.2733199999999645
La,CONTCAR-9_La_14-1_La_36,OCHO,CONTCAR-8_La_45,H,0.20707263836355264,-6.263379999999993,-7.436809999999989
La,CONTCAR-9_La_14-1_La_36,OCHO,CONTCAR-9_La_9,H,-0.19750084584489508,-6.263379999999993,-7.704879999999955
Ni,CONTCAR-10_Ni_37-1_Ni_63,OCHO,CONTCAR-10_Ni_51,H,-0.36607785568378376,-5.271409999999955,-4.713789999999969
Ni,CONTCAR-10_Ni_37-1_Ni_63,OCHO,CONTCAR-1_Ni_63,H,0.8354668608398439,-5.271409999999955,-4.672589999999966
Ni,CONTCAR-10_Ni_37-1_Ni_63,OCHO,CONTCAR-2_Ni_54,H,0.6586654123981064,-5.271409999999955,-3.9637299999999502
Ni,CONTCAR-10_Ni_37-1_Ni_63,OCHO,CONTCAR-3_Ni_52,H,0.734835741326099,-5.271409999999955,0.39076000000004807
Ni,CONTCAR-10_Ni_37-1_Ni_63,OCHO,CONTCAR-4_Ni_21,H,-0.8126666934123076,-5.271409999999955,-4.644349999999983
Ni,CONTCAR-10_Ni_37-1_Ni_63,OCHO,CONTCAR-5_Ni_49,H,0.35323678007661713,-5.271409999999955,-4.72035999999998
Ni,CONTCAR-10_Ni_37-1_Ni_63,OCHO,CONTCAR-6_Ni_35,H,-0.25539944310667306,-5.271409999999955,0.10119000000002201
Ni,CONTCAR-10_Ni_37-1_Ni_63,OCHO,CONTCAR-7_Ni_60,H,-0.8989515422319253,-5.271409999999955,-4.644609999999952
Ni,CONTCAR-10_Ni_37-1_Ni_63,OCHO,CONTCAR-8_Ni_29,H,-0.09029340965451028,-5.271409999999955,-4.646869999999987
Ni,CONTCAR-10_Ni_37-1_Ni_63,OCHO,CONTCAR-9_Ni_66,H,-0.536561602150894,-5.271409999999955,0.3898900000000277
Ni,CONTCAR-1_Ni_53-1_Ni_61,OCHO,CONTCAR-10_Ni_51,H,0.3722823070846651,-5.264629999999963,-4.713789999999969
Ni,CONTCAR-1_Ni_53-1_Ni_61,OCHO,CONTCAR-1_Ni_63,H,-0.7837724809717463,-5.264629999999963,-4.672589999999966
Ni,CONTCAR-1_Ni_53-1_Ni_61,OCHO,CONTCAR-2_Ni_54,H,-0.3628013393556954,-5.264629999999963,-3.9637299999999502
Ni,CONTCAR-1_Ni_53-1_Ni_61,OCHO,CONTCAR-3_Ni_52,H,-0.4491817025568211,-5.264629999999963,0.39076000000004807
Ni,CONTCAR-1_Ni_53-1_Ni_61,OCHO,CONTCAR-4_Ni_21,H,0.8193218556482168,-5.264629999999963,-4.644349999999983
Ni,CONTCAR-1_Ni_53-1_Ni_61,OCHO,CONTCAR-5_Ni_49,H,-0.3620656610376508,-5.264629999999963,-4.72035999999998
Ni,CONTCAR-1_Ni_53-1_Ni_61,OCHO,CONTCAR-6_Ni_35,H,0.14363654291621045,-5.264629999999963,0.10119000000002201
Ni,CONTCAR-1_Ni_53-1_Ni_61,OCHO,CONTCAR-7_Ni_60,H,0.6946368390829021,-5.264629999999963,-4.644609999999952
Ni,CONTCAR-1_Ni_53-1_Ni_61,OCHO,CONTCAR-8_Ni_29,H,-0.12027818965308947,-5.264629999999963,-4.646869999999987
Ni,CONTCAR-1_Ni_53-1_Ni_61,OCHO,CONTCAR-9_Ni_66,H,0.5358644140659665,-5.264629999999963,0.3898900000000277
Ni,CONTCAR-2_Ni_58-1_Ni_62,OCHO,CONTCAR-10_Ni_51,H,-0.8664975875177882,-4.891969999999967,-4.713789999999969
Ni,CONTCAR-2_Ni_58-1_Ni_62,OCHO,CONTCAR-1_Ni_63,H,0.8713666943050202,-4.891969999999967,-4.672589999999966
Ni,CONTCAR-2_Ni_58-1_Ni_62,OCHO,CONTCAR-2_Ni_54,H,0.23588414558902604,-4.891969999999967,-3.9637299999999502
Ni,CONTCAR-2_Ni_58-1_Ni_62,OCHO,CONTCAR-3_Ni_52,H,0.9068327573399196,-4.891969999999967,0.39076000000004807
Ni,CONTCAR-2_Ni_58-1_Ni_62,OCHO,CONTCAR-4_Ni_21,H,-0.8137292847563157,-4.891969999999967,-4.644349999999983
Ni,CONTCAR-2_Ni_58-1_Ni_62,OCHO,CONTCAR-5_Ni_49,H,0.8612105001855406,-4.891969999999967,-4.72035999999998
Ni,CONTCAR-2_Ni_58-1_Ni_62,OCHO,CONTCAR-6_Ni_35,H,-0.9212266147830706,-4.891969999999967,0.10119000000002201
Ni,CONTCAR-2_Ni_58-1_Ni_62,OCHO,CONTCAR-7_Ni_60,H,-0.3992212311448864,-4.891969999999967,-4.644609999999952
Ni,CONTCAR-2_Ni_58-1_Ni_62,OCHO,CONTCAR-8_Ni_29,H,0.4157855211729497,-4.891969999999967,-4.646869999999987
Ni,CONTCAR-2_Ni_58-1_Ni_62,OCHO,CONTCAR-9_Ni_66,H,0.3490163354349163,-4.891969999999967,0.3898900000000277
Ni,CONTCAR-3_Ni_63-1_Ni_6,OCHO,CONTCAR-10_Ni_51,H,-0.5214890624422713,-5.266519999999966,-4.713789999999969
Ni,CONTCAR-3_Ni_63-1_Ni_6,OCHO,CONTCAR-1_Ni_63,H,0.8730641314194506,-5.266519999999966,-4.672589999999966
Ni,CONTCAR-3_Ni_63-1_Ni_6,OCHO,CONTCAR-2_Ni_54,H,0.309753014789778,-5.266519999999966,-3.9637299999999502
Ni,CONTCAR-3_Ni_63-1_Ni_6,OCHO,CONTCAR-3_Ni_52,H,0.5367492534745227,-5.266519999999966,0.39076000000004807
Ni,CONTCAR-3_Ni_63-1_Ni_6,OCHO,CONTCAR-4_Ni_21,H,-0.9039096732809361,-5.266519999999966,-4.644349999999983
Ni,CONTCAR-3_Ni_63-1_Ni_6,OCHO,CONTCAR-5_Ni_49,H,0.5118649008333725,-5.266519999999966,-4.72035999999998
Ni,CONTCAR-3_Ni_63-1_Ni_6,OCHO,CONTCAR-6_Ni_35,H,-0.30724922272174693,-5.266519999999966,0.10119000000002201
Ni,CONTCAR-3_Ni_63-1_Ni_6,OCHO,CONTCAR-7_Ni_60,H,-0.6577140267705991,-5.266519999999966,-4.644609999999952
Ni,CONTCAR-3_Ni_63-1_Ni_6,OCHO,CONTCAR-8_Ni_29,H,0.24251073659104389,-5.266519999999966,-4.646869999999987
Ni,CONTCAR-3_Ni_63-1_Ni_6,OCHO,CONTCAR-9_Ni_66,H,-0.39480824125139147,-5.266519999999966,0.3898900000000277
Ni,CONTCAR-4_Ni_55-1_Ni_57,OCHO,CONTCAR-10_Ni_51,H,-0.04929584548450923,-5.32889000000001,-4.713789999999969
Ni,CONTCAR-4_Ni_55-1_Ni_57,OCHO,CONTCAR-1_Ni_63,H,-0.09418923039913936,-5.32889000000001,-4.672589999999966
Ni,CONTCAR-4_Ni_55-1_Ni_57,OCHO,CONTCAR-2_Ni_54,H,-0.718994192462917,-5.32889000000001,-3.9637299999999502
Ni,CONTCAR-4_Ni_55-1_Ni_57,OCHO,CONTCAR-3_Ni_52,H,-0.6668788509630599,-5.32889000000001,0.39076000000004807
Ni,CONTCAR-4_Ni_55-1_Ni_57,OCHO,CONTCAR-4_Ni_21,H,-0.0468099198660581,-5.32889000000001,-4.644349999999983
Ni,CONTCAR-4_Ni_55-1_Ni_57,OCHO,CONTCAR-5_Ni_49,H,0.055566313048032744,-5.32889000000001,-4.72035999999998
Ni,CONTCAR-4_Ni_55-1_Ni_57,OCHO,CONTCAR-6_Ni_35,H,0.23777333147355922,-5.32889000000001,0.10119000000002201
Ni,CONTCAR-4_Ni_55-1_Ni_57,OCHO,CONTCAR-7_Ni_60,H,0.48834029235977966,-5.32889000000001,-4.644609999999952
Ni,CONTCAR-4_Ni_55-1_Ni_57,OCHO,CONTCAR-8_Ni_29,H,0.5342372650055691,-5.32889000000001,-4.646869999999987
Ni,CONTCAR-4_Ni_55-1_Ni_57,OCHO,CONTCAR-9_Ni_66,H,0.0176464330083275,-5.32889000000001,0.3898900000000277
Ni,CONTCAR-6_Ni_23-1_Ni_39,OCHO,CONTCAR-10_Ni_51,H,-0.2165290119114231,-2.2145400000000093,-4.713789999999969
Ni,CONTCAR-6_Ni_23-1_Ni_39,OCHO,CONTCAR-1_Ni_63,H,0.4775382270431635,-2.2145400000000093,-4.672589999999966
Ni,CONTCAR-6_Ni_23-1_Ni_39,OCHO,CONTCAR-2_Ni_54,H,0.8092592130424768,-2.2145400000000093,-3.9637299999999502
Ni,CONTCAR-6_Ni_23-1_Ni_39,OCHO,CONTCAR-3_Ni_52,H,0.9007638889658254,-2.2145400000000093,0.39076000000004807
Ni,CONTCAR-6_Ni_23-1_Ni_39,OCHO,CONTCAR-4_Ni_21,H,-0.35046643054019017,-2.2145400000000093,-4.644349999999983
Ni,CONTCAR-6_Ni_23-1_Ni_39,OCHO,CONTCAR-5_Ni_49,H,0.2067165286482645,-2.2145400000000093,-4.72035999999998
Ni,CONTCAR-6_Ni_23-1_Ni_39,OCHO,CONTCAR-6_Ni_35,H,-0.41569531877160754,-2.2145400000000093,0.10119000000002201
Ni,CONTCAR-6_Ni_23-1_Ni_39,OCHO,CONTCAR-7_Ni_60,H,-0.7303539682218987,-2.2145400000000093,-4.644609999999952
Ni,CONTCAR-6_Ni_23-1_Ni_39,OCHO,CONTCAR-8_Ni_29,H,-0.38022635160179213,-2.2145400000000093,-4.646869999999987
Ni,CONTCAR-6_Ni_23-1_Ni_39,OCHO,CONTCAR-9_Ni_66,H,-0.12626866084049726,-2.2145400000000093,0.3898900000000277
Ni,CONTCAR-8_Ni_1-1_Ni_13,OCHO,CONTCAR-10_Ni_51,H,0.4731510780276803,-5.26903999999997,-4.713789999999969
Ni,CONTCAR-8_Ni_1-1_Ni_13,OCHO,CONTCAR-1_Ni_63,H,-0.3100568144965542,-5.26903999999997,-4.672589999999966
Ni,CONTCAR-8_Ni_1-1_Ni_13,OCHO,CONTCAR-2_Ni_54,H,-0.24083021231504767,-5.26903999999997,-3.9637299999999502
Ni,CONTCAR-8_Ni_1-1_Ni_13,OCHO,CONTCAR-3_Ni_52,H,-0.7083088272515979,-5.26903999999997,0.39076000000004807
Ni,CONTCAR-8_Ni_1-1_Ni_13,OCHO,CONTCAR-4_Ni_21,H,0.19788984352248679,-5.26903999999997,-4.644349999999983
Ni,CONTCAR-8_Ni_1-1_Ni_13,OCHO,CONTCAR-5_Ni_49,H,-0.4721947036052492,-5.26903999999997,-4.72035999999998
Ni,CONTCAR-8_Ni_1-1_Ni_13,OCHO,CONTCAR-6_Ni_35,H,0.7339410666766731,-5.26903999999997,0.10119000000002201
Ni,CONTCAR-8_Ni_1-1_Ni_13,OCHO,CONTCAR-7_Ni_60,H,0.11754193600473416,-5.26903999999997,-4.644609999999952
Ni,CONTCAR-8_Ni_1-1_Ni_13,OCHO,CONTCAR-8_Ni_29,H,-0.08397898306268219,-5.26903999999997,-4.646869999999987
Ni,CONTCAR-8_Ni_1-1_Ni_13,OCHO,CONTCAR-9_Ni_66,H,-0.5509082331202452,-5.26903999999997,0.3898900000000277
Ni,CONTCAR-9_Ni_9-1_Ni_18,OCHO,CONTCAR-10_Ni_51,H,0.3369381079250991,-5.25633,-4.713789999999969
Ni,CONTCAR-9_Ni_9-1_Ni_18,OCHO,CONTCAR-1_Ni_63,H,0.20173667709638352,-5.25633,-4.672589999999966
Ni,CONTCAR-9_Ni_9-1_Ni_18,OCHO,CONTCAR-2_Ni_54,H,0.9920457792791599,-5.25633,-3.9637299999999502
Ni,CONTCAR-9_Ni_9-1_Ni_18,OCHO,CONTCAR-3_Ni_52,H,0.5302327715043523,-5.25633,0.39076000000004807
Ni,CONTCAR-9_Ni_9-1_Ni_18,OCHO,CONTCAR-4_Ni_21,H,-0.11303178181326247,-5.25633,-4.644349999999983
Ni,CONTCAR-9_Ni_9-1_Ni_18,OCHO,CONTCAR-5_Ni_49,H,-0.34973232328150805,-5.25633,-4.72035999999998
Ni,CONTCAR-9_Ni_9-1_Ni_18,OCHO,CONTCAR-6_Ni_35,H,0.2545366507369097,-5.25633,0.10119000000002201
Ni,CONTCAR-9_Ni_9-1_Ni_18,OCHO,CONTCAR-7_Ni_60,H,-0.9128900209522922,-5.25633,-4.644609999999952
Ni,CONTCAR-9_Ni_9-1_Ni_18,OCHO,CONTCAR-8_Ni_29,H,-0.8037558614247536,-5.25633,-4.646869999999987
Ni,CONTCAR-9_Ni_9-1_Ni_18,OCHO,CONTCAR-9_Ni_66,H,-0.7610697654819789,-5.25633,0.3898900000000277
Sn,CONTCAR-10_Sn_42-1_Sn_63,OCHO,CONTCAR-10_Sn_61,H,-0.9339773584451562,0.2996900000000454,0.6975300000000199
Sn,CONTCAR-10_Sn_42-1_Sn_63,OCHO,CONTCAR-1_Sn_26,H,0.8849836275676533,0.2996900000000454,0.6537400000000185
Sn,CONTCAR-10_Sn_42-1_Sn_63,OCHO,CONTCAR-2_Sn_25,H,-0.47302971430422686,0.2996900000000454,0.5505300000000285
Sn,CONTCAR-10_Sn_42-1_Sn_63,OCHO,CONTCAR-3_Sn_65,H,-0.6877485609313014,0.2996900000000454,0.6202900000000592
Sn,CONTCAR-10_Sn_42-1_Sn_63,OCHO,CONTCAR-4_Sn_24,H,0.10065608636528592,0.2996900000000454,0.6631900000000338
Sn,CONTCAR-10_Sn_42-1_Sn_63,OCHO,CONTCAR-5_Sn_2,H,-0.06299432842854366,0.2996900000000454,0.6219400000000429
Sn,CONTCAR-10_Sn_42-1_Sn_63,OCHO,CONTCAR-6_Sn_60,H,-0.4815069034714383,0.2996900000000454,0.6165100000000531
Sn,CONTCAR-10_Sn_42-1_Sn_63,OCHO,CONTCAR-7_Sn_10,H,-0.8291108082104481,0.2996900000000454,0.7631600000000186
Sn,CONTCAR-10_Sn_42-1_Sn_63,OCHO,CONTCAR-8_Sn_39,H,-0.2562328309556872,0.2996900000000454,0.694530000000034
Sn,CONTCAR-10_Sn_42-1_Sn_63,OCHO,CONTCAR-9_Sn_44,H,-0.6400074026702544,0.2996900000000454,0.6992000000000099
Sn,CONTCAR-1_Sn_58-1_Sn_62,OCHO,CONTCAR-10_Sn_61,H,-0.790172502499043,0.45876000000003103,0.6975300000000199
Sn,CONTCAR-1_Sn_58-1_Sn_62,OCHO,CONTCAR-1_Sn_26,H,0.35321388079405935,0.45876000000003103,0.6537400000000185
Sn,CONTCAR-1_Sn_58-1_Sn_62,OCHO,CONTCAR-2_Sn_25,H,-0.5225376957648956,0.45876000000003103,0.5505300000000285
Sn,CONTCAR-1_Sn_58-1_Sn_62,OCHO,CONTCAR-3_Sn_65,H,-0.03882514496915635,0.45876000000003103,0.6202900000000592
Sn,CONTCAR-1_Sn_58-1_Sn_62,OCHO,CONTCAR-4_Sn_24,H,-0.19208317360662777,0.45876000000003103,0.6631900000000338
Sn,CONTCAR-1_Sn_58-1_Sn_62,OCHO,CONTCAR-5_Sn_2,H,-0.463606212458856,0.45876000000003103,0.6219400000000429
Sn,CONTCAR-1_Sn_58-1_Sn_62,OCHO,CONTCAR-6_Sn_60,H,-0.8183798095359653,0.45876000000003103,0.6165100000000531
Sn,CONTCAR-1_Sn_58-1_Sn_62,OCHO,CONTCAR-7_Sn_10,H,-0.9754624613371027,0.45876000000003103,0.7631600000000186
Sn,CONTCAR-1_Sn_58-1_Sn_62,OCHO,CONTCAR-8_Sn_39,H,0.32724518593804536,0.45876000000003103,0.694530000000034
Sn,CONTCAR-1_Sn_58-1_Sn_62,OCHO,CONTCAR-9_Sn_44,H,-0.595236317255601,0.45876000000003103,0.6992000000000099
Sn,CONTCAR-2_Sn_39-1_Sn_54,OCHO,CONTCAR-10_Sn_61,H,-0.23259930679727536,0.4355800000000062,0.6975300000000199
Sn,CONTCAR-2_Sn_39-1_Sn_54,OCHO,CONTCAR-1_Sn_26,H,-0.5430463561526936,0.4355800000000062,0.6537400000000185
Sn,CONTCAR-2_Sn_39-1_Sn_54,OCHO,CONTCAR-2_Sn_25,H,0.5378862825642798,0.4355800000000062,0.5505300000000285
Sn,CONTCAR-2_Sn_39-1_Sn_54,OCHO,CONTCAR-3_Sn_65,H,0.7421892183968289,0.4355800000000062,0.6202900000000592
Sn,CONTCAR-2_Sn_39-1_Sn_54,OCHO,CONTCAR-4_Sn_24,H,0.4545755627510933,0.4355800000000062,0.6631900000000338
Sn,CONTCAR-2_Sn_39-1_Sn_54,OCHO,CONTCAR-5_Sn_2,H,0.2418444294736775,0.4355800000000062,0.6219400000000429
Sn,CONTCAR-2_Sn_39-1_Sn_54,OCHO,CONTCAR-6_Sn_60,H,-0.7927274443928634,0.4355800000000062,0.6165100000000531
Sn,CONTCAR-2_Sn_39-1_Sn_54,OCHO,CONTCAR-7_Sn_10,H,-0.3305865875768348,0.4355800000000062,0.7631600000000186
Sn,CONTCAR-2_Sn_39-1_Sn_54,OCHO,CONTCAR-8_Sn_39,H,0.9768359161807518,0.4355800000000062,0.694530000000034
Sn,CONTCAR-2_Sn_39-1_Sn_54,OCHO,CONTCAR-9_Sn_44,H,-0.6135072481909403,0.4355800000000062,0.6992000000000099
Sn,CONTCAR-3_Sn_55-1_Sn_57,OCHO,CONTCAR-10_Sn_61,H,-0.17874043957944588,0.3046100000000155,0.6975300000000199
Sn,CONTCAR-3_Sn_55-1_Sn_57,OCHO,CONTCAR-1_Sn_26,H,0.836038431512683,0.3046100000000155,0.6537400000000185
Sn,CONTCAR-3_Sn_55-1_Sn_57,OCHO,CONTCAR-2_Sn_25,H,-0.42675297783296456,0.3046100000000155,0.5505300000000285
Sn,CONTCAR-3_Sn_55-1_Sn_57,OCHO,CONTCAR-3_Sn_65,H,-0.965006712464307,0.3046100000000155,0.6202900000000592
Sn,CONTCAR-3_Sn_55-1_Sn_57,OCHO,CONTCAR-4_Sn_24,H,-0.10015233394896216,0.3046100000000155,0.6631900000000338
Sn,CONTCAR-3_Sn_55-1_Sn_57,OCHO,CONTCAR-5_Sn_2,H,0.04120220392467843,0.3046100000000155,0.6219400000000429
Sn,CONTCAR-3_Sn_55-1_Sn_57,OCHO,CONTCAR-6_Sn_60,H,0.5273306662894793,0.3046100000000155,0.6165100000000531
Sn,CONTCAR-3_Sn_55-1_Sn_57,OCHO,CONTCAR-7_Sn_10,H,0.05698326498254147,0.3046100000000155,0.7631600000000186
Sn,CONTCAR-3_Sn_55-1_Sn_57,OCHO,CONTCAR-8_Sn_39,H,-0.960289754332217,0.3046100000000155,0.694530000000034
Sn,CONTCAR-3_Sn_55-1_Sn_57,OCHO,CONTCAR-9_Sn_44,H,0.18123378018399397,0.3046100000000155,0.6992000000000099
Sn,CONTCAR-4_Sn_10-1_Sn_12,OCHO,CONTCAR-10_Sn_61,H,0.8107236275058625,0.30933000000003574,0.6975300000000199
Sn,CONTCAR-4_Sn_10-1_Sn_12,OCHO,CONTCAR-1_Sn_26,H,-0.366892471107396,0.30933000000003574,0.6537400000000185
Sn,CONTCAR-4_Sn_10-1_Sn_12,OCHO,CONTCAR-2_Sn_25,H,0.5010775278086038,0.30933000000003574,0.5505300000000285
Sn,CONTCAR-4_Sn_10-1_Sn_12,OCHO,CONTCAR-3_Sn_65,H,0.0510878878380498,0.30933000000003574,0.6202900000000592
Sn,CONTCAR-4_Sn_10-1_Sn_12,OCHO,CONTCAR-4_Sn_24,H,0.15752063332364152,0.30933000000003574,0.6631900000000338
Sn,CONTCAR-4_Sn_10-1_Sn_12,OCHO,CONTCAR-5_Sn_2,H,0.431390252874709,0.30933000000003574,0.6219400000000429
Sn,CONTCAR-4_Sn_10-1_Sn_12,OCHO,CONTCAR-6_Sn_60,H,0.8304462645866924,0.30933000000003574,0.6165100000000531
Sn,CONTCAR-4_Sn_10-1_Sn_12,OCHO,CONTCAR-7_Sn_10,H,0.9824415526907462,0.30933000000003574,0.7631600000000186
Sn,CONTCAR-4_Sn_10-1_Sn_12,OCHO,CONTCAR-8_Sn_39,H,-0.3292197699547336,0.30933000000003574,0.694530000000034
Sn,CONTCAR-4_Sn_10-1_Sn_12,OCHO,CONTCAR-9_Sn_44,H,0.6233291564051089,0.30933000000003574,0.6992000000000099
Sn,CONTCAR-5_Sn_0-1_Sn_47,OCHO,CONTCAR-10_Sn_61,H,0.5184548551071045,0.2692600000000215,0.6975300000000199
Sn,CONTCAR-5_Sn_0-1_Sn_47,OCHO,CONTCAR-1_Sn_26,H,-0.9331495621210012,0.2692600000000215,0.6537400000000185
Sn,CONTCAR-5_Sn_0-1_Sn_47,OCHO,CONTCAR-2_Sn_25,H,0.7731615476160439,0.2692600000000215,0.5505300000000285
Sn,CONTCAR-5_Sn_0-1_Sn_47,OCHO,CONTCAR-3_Sn_65,H,0.8906989476340115,0.2692600000000215,0.6202900000000592
Sn,CONTCAR-5_Sn_0-1_Sn_47,OCHO,CONTCAR-4_Sn_24,H,0.33448989527422196,0.2692600000000215,0.6631900000000338
Sn,CONTCAR-5_Sn_0-1_Sn_47,OCHO,CONTCAR-5_Sn_2,H,0.33826585024925976,0.2692600000000215,0.6219400000000429
Sn,CONTCAR-5_Sn_0-1_Sn_47,OCHO,CONTCAR-6_Sn_60,H,-0.1044297987179907,0.2692600000000215,0.6165100000000531
Sn,CONTCAR-5_Sn_0-1_Sn_47,OCHO,CONTCAR-7_Sn_10,H,0.4478988725957877,0.2692600000000215,0.7631600000000186
Sn,CONTCAR-5_Sn_0-1_Sn_47,OCHO,CONTCAR-8_Sn_39,H,0.7431841955432902,0.2692600000000215,0.694530000000034
Sn,CONTCAR-5_Sn_0-1_Sn_47,OCHO,CONTCAR-9_Sn_44,H,0.04093987675537264,0.2692600000000215,0.6992000000000099
Sn,CONTCAR-6_Sn_38-1_Sn_67,OCHO,CONTCAR-10_Sn_61,H,-0.5155550246386565,0.3081700000000086,0.6975300000000199
Sn,CONTCAR-6_Sn_38-1_Sn_67,OCHO,CONTCAR-1_Sn_26,H,0.5130622306618011,0.3081700000000086,0.6537400000000185
Sn,CONTCAR-6_Sn_38-1_Sn_67,OCHO,CONTCAR-2_Sn_25,H,0.4754645422461453,0.3081700000000086,0.5505300000000285
Sn,CONTCAR-6_Sn_38-1_Sn_67,OCHO,CONTCAR-3_Sn_65,H,-0.5234783213702238,0.3081700000000086,0.6202900000000592
Sn,CONTCAR-6_Sn_38-1_Sn_67,OCHO,CONTCAR-4_Sn_24,H,0.861276775479977,0.3081700000000086,0.6631900000000338
Sn,CONTCAR-6_Sn_38-1_Sn_67,OCHO,CONTCAR-5_Sn_2,H,0.8485885043942412,0.3081700000000086,0.6219400000000429
Sn,CONTCAR-6_Sn_38-1_Sn_67,OCHO,CONTCAR-6_Sn_60,H,-0.14173656828655049,0.3081700000000086,0.6165100000000531
Sn,CONTCAR-6_Sn_38-1_Sn_67,OCHO,CONTCAR-7_Sn_10,H,-0.10976841212811773,0.3081700000000086,0.7631600000000186
Sn,CONTCAR-6_Sn_38-1_Sn_67,OCHO,CONTCAR-8_Sn_39,H,-0.18295735387542642,0.3081700000000086,0.694530000000034
Sn,CONTCAR-6_Sn_38-1_Sn_67,OCHO,CONTCAR-9_Sn_44,H,-0.63629774929433,0.3081700000000086,0.6992000000000099
Sn,CONTCAR-7_Sn_66-1_Sn_5,OCHO,CONTCAR-10_Sn_61,H,0.5092920517282798,0.26926999999999623,0.6975300000000199
Sn,CONTCAR-7_Sn_66-1_Sn_5,OCHO,CONTCAR-1_Sn_26,H,0.004742403811031049,0.26926999999999623,0.6537400000000185
Sn,CONTCAR-7_Sn_66-1_Sn_5,OCHO,CONTCAR-2_Sn_25,H,-0.7218537416742762,0.26926999999999623,0.5505300000000285
Sn,CONTCAR-7_Sn_66-1_Sn_5,OCHO,CONTCAR-3_Sn_65,H,-0.12326290711988108,0.26926999999999623,0.6202900000000592
Sn,CONTCAR-7_Sn_66-1_Sn_5,OCHO,CONTCAR-4_Sn_24,H,-0.9361325165023547,0.26926999999999623,0.6631900000000338
Sn,CONTCAR-7_Sn_66-1_Sn_5,OCHO,CONTCAR-5_Sn_2,H,-0.790542025717672,0.26926999999999623,0.6219400000000429
Sn,CONTCAR-7_Sn_66-1_Sn_5,OCHO,CONTCAR-6_Sn_60,H,0.6161609151809553,0.26926999999999623,0.6165100000000531
Sn,CONTCAR-7_Sn_66-1_Sn_5,OCHO,CONTCAR-7_Sn_10,H,0.2765674673524761,0.26926999999999623,0.7631600000000186
Sn,CONTCAR-7_Sn_66-1_Sn_5,OCHO,CONTCAR-8_Sn_39,H,-0.5185765968392391,0.26926999999999623,0.694530000000034
Sn,CONTCAR-7_Sn_66-1_Sn_5,OCHO,CONTCAR-9_Sn_44,H,0.8593306212002221,0.26926999999999623,0.6992000000000099
Sn,CONTCAR-8_Sn_26-1_Sn_42,OCHO,CONTCAR-10_Sn_61,H,-0.8546109829461596,0.2829400000000436,0.6975300000000199
Sn,CONTCAR-8_Sn_26-1_Sn_42,OCHO,CONTCAR-1_Sn_26,H,0.9520416413782333,0.2829400000000436,0.6537400000000185
Sn,CONTCAR-8_Sn_26-1_Sn_42,OCHO,CONTCAR-2_Sn_25,H,-0.543354526681288,0.2829400000000436,0.5505300000000285
Sn,CONTCAR-8_Sn_26-1_Sn_42,OCHO,CONTCAR-3_Sn_65,H,-0.8012841158134495,0.2829400000000436,0.6202900000000592
Sn,CONTCAR-8_Sn_26-1_Sn_42,OCHO,CONTCAR-4_Sn_24,H,0.024680512318490142,0.2829400000000436,0.6631900000000338
Sn,CONTCAR-8_Sn_26-1_Sn_42,OCHO,CONTCAR-5_Sn_2,H,-0.09190743854273907,0.2829400000000436,0.6219400000000429
Sn,CONTCAR-8_Sn_26-1_Sn_42,OCHO,CONTCAR-6_Sn_60,H,-0.3136411655565178,0.2829400000000436,0.6165100000000531
Sn,CONTCAR-8_Sn_26-1_Sn_42,OCHO,CONTCAR-7_Sn_10,H,-0.7302371724355431,0.2829400000000436,0.7631600000000186
Sn,CONTCAR-8_Sn_26-1_Sn_42,OCHO,CONTCAR-8_Sn_39,H,-0.4284985393234644,0.2829400000000436,0.694530000000034
Sn,CONTCAR-8_Sn_26-1_Sn_42,OCHO,CONTCAR-9_Sn_44,H,-0.5055811086624328,0.2829400000000436,0.6992000000000099
Sn,CONTCAR-9_Sn_16-1_Sn_58,OCHO,CONTCAR-10_Sn_61,H,-0.34541328706616015,0.3098199999999923,0.6975300000000199
Sn,CONTCAR-9_Sn_16-1_Sn_58,OCHO,CONTCAR-1_Sn_26,H,-0.09837709463268232,0.3098199999999923,0.6537400000000185
Sn,CONTCAR-9_Sn_16-1_Sn_58,OCHO,CONTCAR-2_Sn_25,H,-0.545147701211228,0.3098199999999923,0.5505300000000285
Sn,CONTCAR-9_Sn_16-1_Sn_58,OCHO,CONTCAR-3_Sn_65,H,0.3661303296314553,0.3098199999999923,0.6202900000000592
Sn,CONTCAR-9_Sn_16-1_Sn_58,OCHO,CONTCAR-4_Sn_24,H,-0.5191717869637004,0.3098199999999923,0.6631900000000338
Sn,CONTCAR-9_Sn_16-1_Sn_58,OCHO,CONTCAR-5_Sn_2,H,-0.7456173354770887,0.3098199999999923,0.6219400000000429
Sn,CONTCAR-9_Sn_16-1_Sn_58,OCHO,CONTCAR-6_Sn_60,H,-0.6526758137089683,0.3098199999999923,0.6165100000000531
Sn,CONTCAR-9_Sn_16-1_Sn_58,OCHO,CONTCAR-7_Sn_10,H,-0.7098108726635572,0.3098199999999923,0.7631600000000186
Sn,CONTCAR-9_Sn_16-1_Sn_58,OCHO,CONTCAR-8_Sn_39,H,0.49328647434990025,0.3098199999999923,0.694530000000034
Sn,CONTCAR-9_Sn_16-1_Sn_58,OCHO,CONTCAR-9_Sn_44,H,-0.2008664870591237,0.3098199999999923,0.6992000000000099
